2025-12-24 17:15:08 [main] INFO  com.incometaxcalculator.util.TaxLogger - ---------- Tax Calculation Started ----------
2025-12-24 17:15:08 [main] INFO  com.incometaxcalculator.util.TaxLogger - Payee: Saarthak
2025-12-24 17:15:08 [main] INFO  com.incometaxcalculator.util.TaxLogger - Assessment Year: 2025-2026
2025-12-24 17:15:08 [main] INFO  com.incometaxcalculator.util.TaxLogger - Regime Type: NEW
2025-12-24 17:15:08 [main] INFO  com.incometaxcalculator.util.TaxLogger - Total Income Declared: 1.0E7
2025-12-24 17:15:08 [main] INFO  com.incometaxcalculator.util.TaxLogger - Filing Date: 2025-08-01
2025-12-24 17:15:08 [main] INFO  com.incometaxcalculator.util.TaxLogger - Advance Tax Entries Found: 3
2025-12-24 17:15:08 [main] INFO  com.incometaxcalculator.util.TaxLogger - ---------- Calculation Results ----------
2025-12-24 17:15:08 [main] INFO  com.incometaxcalculator.util.TaxLogger - Taxable Income: 9969000.0
2025-12-24 17:15:08 [main] INFO  com.incometaxcalculator.util.TaxLogger - Basic Income Tax: 2390700.0
2025-12-24 17:15:08 [main] INFO  com.incometaxcalculator.util.TaxLogger - Surcharge: 245570.0
2025-12-24 17:15:08 [main] INFO  com.incometaxcalculator.util.TaxLogger - Health & Education Cess: 108050.8
2025-12-24 17:15:08 [main] INFO  com.incometaxcalculator.util.TaxLogger - Interest u/s 234A: 27993.208
2025-12-24 17:15:08 [main] INFO  com.incometaxcalculator.util.TaxLogger - Interest u/s 234B: -109972.832
2025-12-24 17:15:08 [main] INFO  com.incometaxcalculator.util.TaxLogger - Interest u/s 234C: 0.0
2025-12-24 17:15:08 [main] INFO  com.incometaxcalculator.util.TaxLogger - Total Interest: 0.0
2025-12-24 17:15:08 [main] INFO  com.incometaxcalculator.util.TaxLogger - Total Tax Payable: 2799320.8
2025-12-24 17:15:08 [main] INFO  com.incometaxcalculator.util.TaxLogger - -----------------------------------------
2025-12-24 17:16:44 [main] INFO  com.incometaxcalculator.util.TaxLogger - ---------- Tax Calculation Started ----------
2025-12-24 17:16:44 [main] INFO  com.incometaxcalculator.util.TaxLogger - Payee: Saarthak
2025-12-24 17:16:44 [main] INFO  com.incometaxcalculator.util.TaxLogger - Assessment Year: 2025-2026
2025-12-24 17:16:44 [main] INFO  com.incometaxcalculator.util.TaxLogger - Regime Type: NEW
2025-12-24 17:16:44 [main] INFO  com.incometaxcalculator.util.TaxLogger - Total Income Declared: 1.0E7
2025-12-24 17:16:44 [main] INFO  com.incometaxcalculator.util.TaxLogger - Filing Date: 2025-08-01
2025-12-24 17:16:44 [main] INFO  com.incometaxcalculator.util.TaxLogger - Advance Tax Entries Found: 3
2025-12-24 17:16:44 [main] INFO  com.incometaxcalculator.util.TaxLogger - ---------- Calculation Results ----------
2025-12-24 17:16:44 [main] INFO  com.incometaxcalculator.util.TaxLogger - Taxable Income: 9969000.0
2025-12-24 17:16:44 [main] INFO  com.incometaxcalculator.util.TaxLogger - Basic Income Tax: 2390700.0
2025-12-24 17:16:44 [main] INFO  com.incometaxcalculator.util.TaxLogger - Surcharge: 245570.0
2025-12-24 17:16:44 [main] INFO  com.incometaxcalculator.util.TaxLogger - Health & Education Cess: 108050.8
2025-12-24 17:16:44 [main] INFO  com.incometaxcalculator.util.TaxLogger - Interest u/s 234A: 27993.208
2025-12-24 17:16:44 [main] INFO  com.incometaxcalculator.util.TaxLogger - Interest u/s 234B: -109972.832
2025-12-24 17:16:44 [main] INFO  com.incometaxcalculator.util.TaxLogger - Interest u/s 234C: 0.0
2025-12-24 17:16:44 [main] INFO  com.incometaxcalculator.util.TaxLogger - Total Interest: 0.0
2025-12-24 17:16:44 [main] INFO  com.incometaxcalculator.util.TaxLogger - Total Tax Payable: 2799320.8
2025-12-24 17:16:44 [main] INFO  com.incometaxcalculator.util.TaxLogger - -----------------------------------------
2025-12-24 20:40:25 [main] INFO  com.incometaxcalculator.util.TaxLogger - --------------------
2025-12-24 20:40:25 [main] INFO  com.incometaxcalculator.util.TaxLogger - Payee: Saarthak
2025-12-24 20:40:25 [main] INFO  com.incometaxcalculator.util.TaxLogger - Assessment Year: 2025-2026
2025-12-24 20:40:25 [main] INFO  com.incometaxcalculator.util.TaxLogger - Regime Type: NEW
2025-12-24 20:40:25 [main] INFO  com.incometaxcalculator.util.TaxLogger - Total Income Declared: 1.0E7
2025-12-24 20:40:25 [main] INFO  com.incometaxcalculator.util.TaxLogger - Filing Date: 2025-08-01
2025-12-24 20:40:25 [main] INFO  com.incometaxcalculator.util.TaxLogger - Advance Tax Entries Found: 3
2025-12-24 20:40:25 [main] INFO  com.incometaxcalculator.util.TaxLogger - --------------------
2025-12-24 20:40:25 [main] INFO  com.incometaxcalculator.util.TaxLogger - Taxable Income: 9969000.0
2025-12-24 20:40:25 [main] INFO  com.incometaxcalculator.util.TaxLogger - Basic Income Tax: 2390700.0
2025-12-24 20:40:25 [main] INFO  com.incometaxcalculator.util.TaxLogger - Surcharge: 245570.0
2025-12-24 20:40:25 [main] INFO  com.incometaxcalculator.util.TaxLogger - Health & Education Cess: 108050.8
2025-12-24 20:40:25 [main] INFO  com.incometaxcalculator.util.TaxLogger - Interest u/s 234A: 27993.208
2025-12-24 20:40:25 [main] INFO  com.incometaxcalculator.util.TaxLogger - Interest u/s 234B: -109972.832
2025-12-24 20:40:25 [main] INFO  com.incometaxcalculator.util.TaxLogger - Interest u/s 234C: 0.0
2025-12-24 20:40:25 [main] INFO  com.incometaxcalculator.util.TaxLogger - Total Interest: 0.0
2025-12-24 20:40:25 [main] INFO  com.incometaxcalculator.util.TaxLogger - Total Tax Payable: 2799320.8
2025-12-24 20:40:25 [main] INFO  com.incometaxcalculator.util.TaxLogger - -----------------------------------------
2025-12-24 20:47:50 [main] INFO  com.incometaxcalculator.util.TaxLogger - --------------------
2025-12-24 20:47:50 [main] INFO  com.incometaxcalculator.util.TaxLogger - Payee: Saarthak
2025-12-24 20:47:50 [main] INFO  com.incometaxcalculator.util.TaxLogger - Assessment Year: 2025-2026
2025-12-24 20:47:50 [main] INFO  com.incometaxcalculator.util.TaxLogger - Regime Type: NEW
2025-12-24 20:47:50 [main] INFO  com.incometaxcalculator.util.TaxLogger - Total Income Declared: 1.0E7
2025-12-24 20:47:50 [main] INFO  com.incometaxcalculator.util.TaxLogger - Filing Date: 2025-08-01
2025-12-24 20:47:50 [main] INFO  com.incometaxcalculator.util.TaxLogger - Advance Tax Entries Found: 3
2025-12-24 20:47:50 [main] INFO  com.incometaxcalculator.util.TaxLogger - --------------------
2025-12-24 20:47:50 [main] INFO  com.incometaxcalculator.util.TaxLogger - Taxable Income: 9969000.0
2025-12-24 20:47:50 [main] INFO  com.incometaxcalculator.util.TaxLogger - Basic Income Tax: 2390700.0
2025-12-24 20:47:50 [main] INFO  com.incometaxcalculator.util.TaxLogger - Surcharge: 245570.0
2025-12-24 20:47:50 [main] INFO  com.incometaxcalculator.util.TaxLogger - Health & Education Cess: 108050.8
2025-12-24 20:47:50 [main] INFO  com.incometaxcalculator.util.TaxLogger - Interest u/s 234A: 27993.208
2025-12-24 20:47:50 [main] INFO  com.incometaxcalculator.util.TaxLogger - Interest u/s 234B: -109972.832
2025-12-24 20:47:50 [main] INFO  com.incometaxcalculator.util.TaxLogger - Interest u/s 234C: 0.0
2025-12-24 20:47:50 [main] INFO  com.incometaxcalculator.util.TaxLogger - Total Interest: 0.0
2025-12-24 20:47:50 [main] INFO  com.incometaxcalculator.util.TaxLogger - Total Tax Payable: 2799320.8
2025-12-24 20:47:50 [main] INFO  com.incometaxcalculator.util.TaxLogger - -----------------------------------------
2025-12-24 20:51:40 [main] INFO  com.incometaxcalculator.util.TaxLogger - --------------------
2025-12-24 20:51:40 [main] INFO  com.incometaxcalculator.util.TaxLogger - Payee: Saarthak
2025-12-24 20:51:40 [main] INFO  com.incometaxcalculator.util.TaxLogger - Assessment Year: 2025-2026
2025-12-24 20:51:40 [main] INFO  com.incometaxcalculator.util.TaxLogger - Regime Type: NEW
2025-12-24 20:51:40 [main] INFO  com.incometaxcalculator.util.TaxLogger - Total Income Declared: 1.0E7
2025-12-24 20:51:40 [main] INFO  com.incometaxcalculator.util.TaxLogger - Filing Date: 2025-08-01
2025-12-24 20:51:40 [main] INFO  com.incometaxcalculator.util.TaxLogger - Advance Tax Entries Found: 3
2025-12-24 20:51:40 [main] INFO  com.incometaxcalculator.util.TaxLogger - --------------------
2025-12-24 20:51:40 [main] INFO  com.incometaxcalculator.util.TaxLogger - Taxable Income: 9969000.0
2025-12-24 20:51:40 [main] INFO  com.incometaxcalculator.util.TaxLogger - Basic Income Tax: 2390700.0
2025-12-24 20:51:40 [main] INFO  com.incometaxcalculator.util.TaxLogger - Surcharge: 245570.0
2025-12-24 20:51:40 [main] INFO  com.incometaxcalculator.util.TaxLogger - Health & Education Cess: 108050.8
2025-12-24 20:51:40 [main] INFO  com.incometaxcalculator.util.TaxLogger - Interest u/s 234A: 27993.208
2025-12-24 20:51:40 [main] INFO  com.incometaxcalculator.util.TaxLogger - Interest u/s 234B: -109972.832
2025-12-24 20:51:40 [main] INFO  com.incometaxcalculator.util.TaxLogger - Interest u/s 234C: 0.0
2025-12-24 20:51:40 [main] INFO  com.incometaxcalculator.util.TaxLogger - Total Interest: 0.0
2025-12-24 20:51:40 [main] INFO  com.incometaxcalculator.util.TaxLogger - Total Tax Payable: 2799320.8
2025-12-24 20:51:40 [main] INFO  com.incometaxcalculator.util.TaxLogger - -----------------------------------------
2025-12-24 20:52:29 [main] INFO  com.incometaxcalculator.util.TaxLogger - --------------------
2025-12-24 20:52:29 [main] INFO  com.incometaxcalculator.util.TaxLogger - Payee: Saarthak
2025-12-24 20:52:29 [main] INFO  com.incometaxcalculator.util.TaxLogger - Assessment Year: 2025-2026
2025-12-24 20:52:29 [main] INFO  com.incometaxcalculator.util.TaxLogger - Regime Type: NEW
2025-12-24 20:52:29 [main] INFO  com.incometaxcalculator.util.TaxLogger - Total Income Declared: 1.0E7
2025-12-24 20:52:29 [main] INFO  com.incometaxcalculator.util.TaxLogger - Filing Date: 2025-08-01
2025-12-24 20:52:29 [main] INFO  com.incometaxcalculator.util.TaxLogger - Advance Tax Entries Found: 3
2025-12-24 20:52:29 [main] INFO  com.incometaxcalculator.util.TaxLogger - --------------------
2025-12-24 20:52:29 [main] INFO  com.incometaxcalculator.util.TaxLogger - Taxable Income: 9969000.0
2025-12-24 20:52:29 [main] INFO  com.incometaxcalculator.util.TaxLogger - Basic Income Tax: 2390700.0
2025-12-24 20:52:29 [main] INFO  com.incometaxcalculator.util.TaxLogger - Surcharge: 245570.0
2025-12-24 20:52:29 [main] INFO  com.incometaxcalculator.util.TaxLogger - Health & Education Cess: 108050.8
2025-12-24 20:52:29 [main] INFO  com.incometaxcalculator.util.TaxLogger - Interest u/s 234A: 27993.208
2025-12-24 20:52:29 [main] INFO  com.incometaxcalculator.util.TaxLogger - Interest u/s 234B: 55186.416
2025-12-24 20:52:29 [main] INFO  com.incometaxcalculator.util.TaxLogger - Interest u/s 234C: 0.0
2025-12-24 20:52:29 [main] INFO  com.incometaxcalculator.util.TaxLogger - Total Interest: 0.0
2025-12-24 20:52:29 [main] INFO  com.incometaxcalculator.util.TaxLogger - Total Tax Payable: 2799320.8
2025-12-24 20:52:29 [main] INFO  com.incometaxcalculator.util.TaxLogger - -----------------------------------------
2025-12-24 20:55:00 [main] INFO  com.incometaxcalculator.util.TaxLogger - --------------------
2025-12-24 20:55:00 [main] INFO  com.incometaxcalculator.util.TaxLogger - Payee: Saarthak
2025-12-24 20:55:00 [main] INFO  com.incometaxcalculator.util.TaxLogger - Assessment Year: 2025-2026
2025-12-24 20:55:00 [main] INFO  com.incometaxcalculator.util.TaxLogger - Regime Type: NEW
2025-12-24 20:55:00 [main] INFO  com.incometaxcalculator.util.TaxLogger - Total Income Declared: 1.0E7
2025-12-24 20:55:00 [main] INFO  com.incometaxcalculator.util.TaxLogger - Filing Date: 2025-08-01
2025-12-24 20:55:00 [main] INFO  com.incometaxcalculator.util.TaxLogger - Advance Tax Entries Found: 3
2025-12-24 20:55:00 [main] INFO  com.incometaxcalculator.util.TaxLogger - --------------------
2025-12-24 20:55:00 [main] INFO  com.incometaxcalculator.util.TaxLogger - Taxable Income: 9969000.0
2025-12-24 20:55:00 [main] INFO  com.incometaxcalculator.util.TaxLogger - Basic Income Tax: 2390700.0
2025-12-24 20:55:00 [main] INFO  com.incometaxcalculator.util.TaxLogger - Surcharge: 245570.0
2025-12-24 20:55:00 [main] INFO  com.incometaxcalculator.util.TaxLogger - Health & Education Cess: 108050.8
2025-12-24 20:55:00 [main] INFO  com.incometaxcalculator.util.TaxLogger - Interest u/s 234A: 27993.208
2025-12-24 20:55:00 [main] INFO  com.incometaxcalculator.util.TaxLogger - Interest u/s 234B: 109972.832
2025-12-24 20:55:00 [main] INFO  com.incometaxcalculator.util.TaxLogger - Interest u/s 234C: 0.0
2025-12-24 20:55:00 [main] INFO  com.incometaxcalculator.util.TaxLogger - Total Interest: 0.0
2025-12-24 20:55:00 [main] INFO  com.incometaxcalculator.util.TaxLogger - Total Tax Payable: 2799320.8
2025-12-24 20:55:00 [main] INFO  com.incometaxcalculator.util.TaxLogger - -----------------------------------------
2025-12-24 22:19:51 [main] DEBUG com.incometaxcalculator.interestcalculator.Section234BInterestCalculator - entering into calculateinterest
2025-12-24 22:21:34 [main] DEBUG com.incometaxcalculator.util.TaxLogger - --------------------
2025-12-24 22:21:34 [main] DEBUG com.incometaxcalculator.util.TaxLogger - Payee: Saarthak
2025-12-24 22:21:34 [main] DEBUG com.incometaxcalculator.util.TaxLogger - Assessment Year: 2025-2026
2025-12-24 22:21:34 [main] DEBUG com.incometaxcalculator.util.TaxLogger - Regime Type: NEW
2025-12-24 22:21:34 [main] DEBUG com.incometaxcalculator.util.TaxLogger - Total Income Declared: 1.0E7
2025-12-24 22:21:34 [main] DEBUG com.incometaxcalculator.util.TaxLogger - Filing Date: 2025-08-01
2025-12-24 22:21:34 [main] DEBUG com.incometaxcalculator.util.TaxLogger - Advance Tax Entries Found: 3
2025-12-24 22:21:34 [main] DEBUG com.incometaxcalculator.interestcalculator.Section234BInterestCalculator - entering into calculateinterest
2025-12-24 22:21:34 [main] DEBUG com.incometaxcalculator.interestcalculator.Section234BInterestCalculator - Financial Year End Date : 2025-03-31
2025-12-24 22:21:34 [main] DEBUG com.incometaxcalculator.interestcalculator.Section234BInterestCalculator - Advance tax paid during financial year : 40000.0
2025-12-24 22:21:34 [main] INFO  com.incometaxcalculator.interestcalculator.Section234BInterestCalculator - 90% tax not paid before 31st march of financial year, hence Section234B interest is applicable.
2025-12-24 22:21:34 [main] DEBUG com.incometaxcalculator.interestcalculator.Section234BInterestCalculator - short fall : 2759320.8
2025-12-24 22:21:34 [main] DEBUG com.incometaxcalculator.interestcalculator.Section234BInterestCalculator - Advance tax paid after financial year : 
2025-12-24 22:21:34 [main] DEBUG com.incometaxcalculator.interestcalculator.Section234BInterestCalculator - Shortfall : 2749320.8
2025-12-24 22:21:34 [main] DEBUG com.incometaxcalculator.interestcalculator.Section234BInterestCalculator - Advance tax paid after financial year : 
2025-12-24 22:21:34 [main] DEBUG com.incometaxcalculator.interestcalculator.Section234BInterestCalculator - Shortfall : 2739320.8
2025-12-24 22:21:34 [main] DEBUG com.incometaxcalculator.interestcalculator.Section234BInterestCalculator - Short fall : 2739320.8
2025-12-24 22:21:34 [main] DEBUG com.incometaxcalculator.interestcalculator.Section234BInterestCalculator - Interest to pay : 109972.832
2025-12-24 22:21:34 [main] DEBUG com.incometaxcalculator.interestcalculator.Section234BInterestCalculator - Exiting calculateinterest
2025-12-24 22:21:34 [main] DEBUG com.incometaxcalculator.interestcalculator.Section234BInterestCalculator - entering into calculateinterest
2025-12-24 22:21:34 [main] DEBUG com.incometaxcalculator.interestcalculator.Section234BInterestCalculator - Financial Year End Date : 2025-03-31
2025-12-24 22:21:34 [main] DEBUG com.incometaxcalculator.interestcalculator.Section234BInterestCalculator - Advance tax paid during financial year : 40000.0
2025-12-24 22:21:34 [main] INFO  com.incometaxcalculator.interestcalculator.Section234BInterestCalculator - 90% tax not paid before 31st march of financial year, hence Section234B interest is applicable.
2025-12-24 22:21:34 [main] DEBUG com.incometaxcalculator.interestcalculator.Section234BInterestCalculator - short fall : 2759320.8
2025-12-24 22:21:34 [main] DEBUG com.incometaxcalculator.interestcalculator.Section234BInterestCalculator - Advance tax paid after financial year : 
2025-12-24 22:21:34 [main] DEBUG com.incometaxcalculator.interestcalculator.Section234BInterestCalculator - Shortfall : 2749320.8
2025-12-24 22:21:34 [main] DEBUG com.incometaxcalculator.interestcalculator.Section234BInterestCalculator - Advance tax paid after financial year : 
2025-12-24 22:21:34 [main] DEBUG com.incometaxcalculator.interestcalculator.Section234BInterestCalculator - Shortfall : 2739320.8
2025-12-24 22:21:34 [main] DEBUG com.incometaxcalculator.interestcalculator.Section234BInterestCalculator - Short fall : 2739320.8
2025-12-24 22:21:34 [main] DEBUG com.incometaxcalculator.interestcalculator.Section234BInterestCalculator - Interest to pay : 109972.832
2025-12-24 22:21:34 [main] DEBUG com.incometaxcalculator.interestcalculator.Section234BInterestCalculator - Exiting calculateinterest
2025-12-24 22:21:34 [main] DEBUG com.incometaxcalculator.util.TaxLogger - --------------------
2025-12-24 22:21:34 [main] DEBUG com.incometaxcalculator.util.TaxLogger - Taxable Income: 9969000.0
2025-12-24 22:21:34 [main] DEBUG com.incometaxcalculator.util.TaxLogger - Basic Income Tax: 2390700.0
2025-12-24 22:21:34 [main] DEBUG com.incometaxcalculator.util.TaxLogger - Surcharge: 245570.0
2025-12-24 22:21:34 [main] DEBUG com.incometaxcalculator.util.TaxLogger - Health & Education Cess: 108050.8
2025-12-24 22:21:34 [main] DEBUG com.incometaxcalculator.util.TaxLogger - Interest u/s 234A: 27993.208
2025-12-24 22:21:34 [main] DEBUG com.incometaxcalculator.util.TaxLogger - Interest u/s 234B: 109972.832
2025-12-24 22:21:34 [main] DEBUG com.incometaxcalculator.util.TaxLogger - Interest u/s 234C: 0.0
2025-12-24 22:21:34 [main] DEBUG com.incometaxcalculator.util.TaxLogger - Total Interest: 0.0
2025-12-24 22:21:34 [main] DEBUG com.incometaxcalculator.util.TaxLogger - Total Tax Payable: 2799320.8
2025-12-24 22:21:34 [main] DEBUG com.incometaxcalculator.util.TaxLogger - -----------------------------------------
2025-12-24 22:22:18 [main] DEBUG com.incometaxcalculator.interestcalculator.Section234BInterestCalculator - entering into calculateinterest
2025-12-24 22:24:06 [main] DEBUG com.incometaxcalculator.interestcalculator.Section234BInterestCalculator - entering into calculateinterest
2025-12-24 22:24:06 [main] DEBUG com.incometaxcalculator.interestcalculator.Section234BInterestCalculator - Financial Year End Date : 2025-03-31
2025-12-24 22:24:06 [main] DEBUG com.incometaxcalculator.interestcalculator.Section234BInterestCalculator - Advance tax paid during financial year : 40000.0
2025-12-24 22:24:06 [main] INFO  com.incometaxcalculator.interestcalculator.Section234BInterestCalculator - 90% tax not paid before 31st march of financial year, hence Section234B interest is applicable.
2025-12-24 22:24:06 [main] DEBUG com.incometaxcalculator.interestcalculator.Section234BInterestCalculator - short fall : 50000.0
2025-12-24 22:24:06 [main] DEBUG com.incometaxcalculator.interestcalculator.Section234BInterestCalculator - Advance tax paid after financial year : 
2025-12-24 22:24:06 [main] DEBUG com.incometaxcalculator.interestcalculator.Section234BInterestCalculator - Shortfall : 40000.0
2025-12-24 22:24:06 [main] DEBUG com.incometaxcalculator.interestcalculator.Section234BInterestCalculator - Advance tax paid after financial year : 
2025-12-24 22:24:06 [main] DEBUG com.incometaxcalculator.interestcalculator.Section234BInterestCalculator - Shortfall : 30000.0
2025-12-24 22:24:06 [main] DEBUG com.incometaxcalculator.interestcalculator.Section234BInterestCalculator - Short fall : 30000.0
2025-12-24 22:24:06 [main] DEBUG com.incometaxcalculator.interestcalculator.Section234BInterestCalculator - Interest to pay : 1600.0
2025-12-24 22:24:06 [main] DEBUG com.incometaxcalculator.interestcalculator.Section234BInterestCalculator - Exiting calculateinterest
2025-12-24 22:24:06 [main] DEBUG com.incometaxcalculator.util.TaxLogger - --------------------
2025-12-24 22:24:06 [main] DEBUG com.incometaxcalculator.util.TaxLogger - Payee: Saarthak
2025-12-24 22:24:06 [main] DEBUG com.incometaxcalculator.util.TaxLogger - Assessment Year: 2025-2026
2025-12-24 22:24:06 [main] DEBUG com.incometaxcalculator.util.TaxLogger - Regime Type: NEW
2025-12-24 22:24:06 [main] DEBUG com.incometaxcalculator.util.TaxLogger - Total Income Declared: 1.0E7
2025-12-24 22:24:06 [main] DEBUG com.incometaxcalculator.util.TaxLogger - Filing Date: 2025-08-01
2025-12-24 22:24:06 [main] DEBUG com.incometaxcalculator.util.TaxLogger - Advance Tax Entries Found: 3
2025-12-24 22:24:06 [main] DEBUG com.incometaxcalculator.interestcalculator.Section234BInterestCalculator - entering into calculateinterest
2025-12-24 22:24:06 [main] DEBUG com.incometaxcalculator.interestcalculator.Section234BInterestCalculator - Financial Year End Date : 2025-03-31
2025-12-24 22:24:06 [main] DEBUG com.incometaxcalculator.interestcalculator.Section234BInterestCalculator - Advance tax paid during financial year : 40000.0
2025-12-24 22:24:06 [main] INFO  com.incometaxcalculator.interestcalculator.Section234BInterestCalculator - 90% tax not paid before 31st march of financial year, hence Section234B interest is applicable.
2025-12-24 22:24:06 [main] DEBUG com.incometaxcalculator.interestcalculator.Section234BInterestCalculator - short fall : 2759320.8
2025-12-24 22:24:06 [main] DEBUG com.incometaxcalculator.interestcalculator.Section234BInterestCalculator - Advance tax paid after financial year : 
2025-12-24 22:24:06 [main] DEBUG com.incometaxcalculator.interestcalculator.Section234BInterestCalculator - Shortfall : 2749320.8
2025-12-24 22:24:06 [main] DEBUG com.incometaxcalculator.interestcalculator.Section234BInterestCalculator - Advance tax paid after financial year : 
2025-12-24 22:24:06 [main] DEBUG com.incometaxcalculator.interestcalculator.Section234BInterestCalculator - Shortfall : 2739320.8
2025-12-24 22:24:06 [main] DEBUG com.incometaxcalculator.interestcalculator.Section234BInterestCalculator - Short fall : 2739320.8
2025-12-24 22:24:06 [main] DEBUG com.incometaxcalculator.interestcalculator.Section234BInterestCalculator - Interest to pay : 109972.832
2025-12-24 22:24:06 [main] DEBUG com.incometaxcalculator.interestcalculator.Section234BInterestCalculator - Exiting calculateinterest
2025-12-24 22:24:06 [main] DEBUG com.incometaxcalculator.interestcalculator.Section234BInterestCalculator - entering into calculateinterest
2025-12-24 22:24:06 [main] DEBUG com.incometaxcalculator.interestcalculator.Section234BInterestCalculator - Financial Year End Date : 2025-03-31
2025-12-24 22:24:06 [main] DEBUG com.incometaxcalculator.interestcalculator.Section234BInterestCalculator - Advance tax paid during financial year : 40000.0
2025-12-24 22:24:06 [main] INFO  com.incometaxcalculator.interestcalculator.Section234BInterestCalculator - 90% tax not paid before 31st march of financial year, hence Section234B interest is applicable.
2025-12-24 22:24:06 [main] DEBUG com.incometaxcalculator.interestcalculator.Section234BInterestCalculator - short fall : 2759320.8
2025-12-24 22:24:06 [main] DEBUG com.incometaxcalculator.interestcalculator.Section234BInterestCalculator - Advance tax paid after financial year : 
2025-12-24 22:24:06 [main] DEBUG com.incometaxcalculator.interestcalculator.Section234BInterestCalculator - Shortfall : 2749320.8
2025-12-24 22:24:06 [main] DEBUG com.incometaxcalculator.interestcalculator.Section234BInterestCalculator - Advance tax paid after financial year : 
2025-12-24 22:24:06 [main] DEBUG com.incometaxcalculator.interestcalculator.Section234BInterestCalculator - Shortfall : 2739320.8
2025-12-24 22:24:06 [main] DEBUG com.incometaxcalculator.interestcalculator.Section234BInterestCalculator - Short fall : 2739320.8
2025-12-24 22:24:06 [main] DEBUG com.incometaxcalculator.interestcalculator.Section234BInterestCalculator - Interest to pay : 109972.832
2025-12-24 22:24:06 [main] DEBUG com.incometaxcalculator.interestcalculator.Section234BInterestCalculator - Exiting calculateinterest
2025-12-24 22:24:06 [main] DEBUG com.incometaxcalculator.util.TaxLogger - --------------------
2025-12-24 22:24:06 [main] DEBUG com.incometaxcalculator.util.TaxLogger - Taxable Income: 9969000.0
2025-12-24 22:24:06 [main] DEBUG com.incometaxcalculator.util.TaxLogger - Basic Income Tax: 2390700.0
2025-12-24 22:24:06 [main] DEBUG com.incometaxcalculator.util.TaxLogger - Surcharge: 245570.0
2025-12-24 22:24:06 [main] DEBUG com.incometaxcalculator.util.TaxLogger - Health & Education Cess: 108050.8
2025-12-24 22:24:06 [main] DEBUG com.incometaxcalculator.util.TaxLogger - Interest u/s 234A: 27993.208
2025-12-24 22:24:06 [main] DEBUG com.incometaxcalculator.util.TaxLogger - Interest u/s 234B: 109972.832
2025-12-24 22:24:06 [main] DEBUG com.incometaxcalculator.util.TaxLogger - Interest u/s 234C: 0.0
2025-12-24 22:24:06 [main] DEBUG com.incometaxcalculator.util.TaxLogger - Total Interest: 0.0
2025-12-24 22:24:06 [main] DEBUG com.incometaxcalculator.util.TaxLogger - Total Tax Payable: 2799320.8
2025-12-24 22:24:06 [main] DEBUG com.incometaxcalculator.util.TaxLogger - -----------------------------------------
2025-12-24 22:24:17 [main] DEBUG com.incometaxcalculator.interestcalculator.Section234BInterestCalculator - entering into calculateinterest
2025-12-24 22:29:46 [main] DEBUG com.incometaxcalculator.interestcalculator.Section234BInterestCalculator - entering into calculateinterest
2025-12-24 22:29:46 [main] DEBUG com.incometaxcalculator.interestcalculator.Section234BInterestCalculator - Financial Year End Date : 2025-03-31
2025-12-24 22:29:46 [main] DEBUG com.incometaxcalculator.interestcalculator.Section234BInterestCalculator - Advance tax paid during financial year : 20000.0
2025-12-24 22:29:46 [main] INFO  com.incometaxcalculator.interestcalculator.Section234BInterestCalculator - 90% tax not paid before 31st march of financial year, hence Section234B interest is applicable.
2025-12-24 22:29:46 [main] DEBUG com.incometaxcalculator.interestcalculator.Section234BInterestCalculator - short fall : 70000.0
2025-12-24 22:29:46 [main] DEBUG com.incometaxcalculator.interestcalculator.Section234BInterestCalculator - Advance tax paid after financial year : 
2025-12-24 22:29:46 [main] DEBUG com.incometaxcalculator.interestcalculator.Section234BInterestCalculator - Shortfall : 65000.0
2025-12-24 22:29:46 [main] DEBUG com.incometaxcalculator.interestcalculator.Section234BInterestCalculator - Advance tax paid after financial year : 
2025-12-24 22:29:46 [main] DEBUG com.incometaxcalculator.interestcalculator.Section234BInterestCalculator - Shortfall : 60000.0
2025-12-24 22:29:46 [main] DEBUG com.incometaxcalculator.interestcalculator.Section234BInterestCalculator - Short fall : 60000.0
2025-12-24 22:29:46 [main] DEBUG com.incometaxcalculator.interestcalculator.Section234BInterestCalculator - Interest to pay : 3350.0
2025-12-24 22:29:46 [main] DEBUG com.incometaxcalculator.interestcalculator.Section234BInterestCalculator - Exiting calculateinterest
2025-12-24 22:29:47 [main] DEBUG com.incometaxcalculator.interestcalculator.Section234BInterestCalculator - entering into calculateinterest
2025-12-24 22:29:47 [main] DEBUG com.incometaxcalculator.interestcalculator.Section234BInterestCalculator - Financial Year End Date : 2025-03-31
2025-12-24 22:29:47 [main] DEBUG com.incometaxcalculator.interestcalculator.Section234BInterestCalculator - Advance tax paid during financial year : 20000.0
2025-12-24 22:29:47 [main] INFO  com.incometaxcalculator.interestcalculator.Section234BInterestCalculator - 90% tax not paid before 31st march of financial year, hence Section234B interest is applicable.
2025-12-24 22:29:47 [main] DEBUG com.incometaxcalculator.interestcalculator.Section234BInterestCalculator - short fall : 70000.0
2025-12-24 22:29:47 [main] DEBUG com.incometaxcalculator.interestcalculator.Section234BInterestCalculator - Advance tax paid after financial year : 
2025-12-24 22:29:47 [main] DEBUG com.incometaxcalculator.interestcalculator.Section234BInterestCalculator - Shortfall : 65000.0
2025-12-24 22:29:47 [main] DEBUG com.incometaxcalculator.interestcalculator.Section234BInterestCalculator - Advance tax paid after financial year : 
2025-12-24 22:29:47 [main] DEBUG com.incometaxcalculator.interestcalculator.Section234BInterestCalculator - Shortfall : 60000.0
2025-12-24 22:29:47 [main] DEBUG com.incometaxcalculator.interestcalculator.Section234BInterestCalculator - Short fall : 60000.0
2025-12-24 22:29:47 [main] DEBUG com.incometaxcalculator.interestcalculator.Section234BInterestCalculator - Interest to pay : 3350.0
2025-12-24 22:29:47 [main] DEBUG com.incometaxcalculator.interestcalculator.Section234BInterestCalculator - Exiting calculateinterest
2025-12-24 22:29:57 [main] DEBUG com.incometaxcalculator.interestcalculator.Section234BInterestCalculator - entering into calculateinterest
2025-12-24 22:29:57 [main] DEBUG com.incometaxcalculator.interestcalculator.Section234BInterestCalculator - Financial Year End Date : 2025-03-31
2025-12-24 22:29:57 [main] DEBUG com.incometaxcalculator.interestcalculator.Section234BInterestCalculator - Advance tax paid during financial year : 20000.0
2025-12-24 22:29:57 [main] INFO  com.incometaxcalculator.interestcalculator.Section234BInterestCalculator - 90% tax not paid before 31st march of financial year, hence Section234B interest is applicable.
2025-12-24 22:29:57 [main] DEBUG com.incometaxcalculator.interestcalculator.Section234BInterestCalculator - short fall : 70000.0
2025-12-24 22:29:57 [main] DEBUG com.incometaxcalculator.interestcalculator.Section234BInterestCalculator - Advance tax paid after financial year : 
2025-12-24 22:29:57 [main] DEBUG com.incometaxcalculator.interestcalculator.Section234BInterestCalculator - Shortfall : 65000.0
2025-12-24 22:29:57 [main] DEBUG com.incometaxcalculator.interestcalculator.Section234BInterestCalculator - Advance tax paid after financial year : 
2025-12-24 22:29:57 [main] DEBUG com.incometaxcalculator.interestcalculator.Section234BInterestCalculator - Shortfall : 60000.0
2025-12-24 22:29:57 [main] DEBUG com.incometaxcalculator.interestcalculator.Section234BInterestCalculator - Short fall : 60000.0
2025-12-24 22:29:57 [main] DEBUG com.incometaxcalculator.interestcalculator.Section234BInterestCalculator - Interest to pay : 3350.0
2025-12-24 22:29:57 [main] DEBUG com.incometaxcalculator.interestcalculator.Section234BInterestCalculator - Exiting calculateinterest
2025-12-24 22:33:11 [main] DEBUG com.incometaxcalculator.interestcalculator.Section234BInterestCalculator - entering into calculateinterest
2025-12-24 22:33:11 [main] DEBUG com.incometaxcalculator.interestcalculator.Section234BInterestCalculator - Financial Year End Date : 2025-03-31
2025-12-24 22:33:11 [main] DEBUG com.incometaxcalculator.interestcalculator.Section234BInterestCalculator - Advance tax paid during financial year : 20000.0
2025-12-24 22:33:11 [main] INFO  com.incometaxcalculator.interestcalculator.Section234BInterestCalculator - 90% tax not paid before 31st march of financial year, hence Section234B interest is applicable.
2025-12-24 22:33:11 [main] DEBUG com.incometaxcalculator.interestcalculator.Section234BInterestCalculator - short fall : 70000.0
2025-12-24 22:33:11 [main] DEBUG com.incometaxcalculator.interestcalculator.Section234BInterestCalculator - Advance tax paid after financial year : 5000.0 on: 2025-06-23
2025-12-24 22:33:11 [main] DEBUG com.incometaxcalculator.interestcalculator.Section234BInterestCalculator - Shortfall : 65000.0
2025-12-24 22:33:11 [main] DEBUG com.incometaxcalculator.interestcalculator.Section234BInterestCalculator - Interest to pay : 1400.0
2025-12-24 22:33:11 [main] DEBUG com.incometaxcalculator.interestcalculator.Section234BInterestCalculator - Advance tax paid after financial year : 5000.0 on: 2025-07-23
2025-12-24 22:33:11 [main] DEBUG com.incometaxcalculator.interestcalculator.Section234BInterestCalculator - Shortfall : 60000.0
2025-12-24 22:33:11 [main] DEBUG com.incometaxcalculator.interestcalculator.Section234BInterestCalculator - Interest to pay : 3350.0
2025-12-24 22:33:11 [main] DEBUG com.incometaxcalculator.interestcalculator.Section234BInterestCalculator - Short fall : 60000.0 number of months : 0
2025-12-24 22:33:11 [main] DEBUG com.incometaxcalculator.interestcalculator.Section234BInterestCalculator - Interest to pay : 3350.0
2025-12-24 22:33:11 [main] DEBUG com.incometaxcalculator.interestcalculator.Section234BInterestCalculator - Exiting calculateinterest
2025-12-24 22:34:21 [main] DEBUG com.incometaxcalculator.interestcalculator.Section234BInterestCalculator - entering into calculateinterest
2025-12-24 22:34:21 [main] DEBUG com.incometaxcalculator.interestcalculator.Section234BInterestCalculator - Financial Year End Date : 2025-03-31
2025-12-24 22:34:21 [main] DEBUG com.incometaxcalculator.interestcalculator.Section234BInterestCalculator - Advance tax paid during financial year : 20000.0
2025-12-24 22:34:21 [main] INFO  com.incometaxcalculator.interestcalculator.Section234BInterestCalculator - 90% tax not paid before 31st march of financial year, hence Section234B interest is applicable.
2025-12-24 22:34:21 [main] DEBUG com.incometaxcalculator.interestcalculator.Section234BInterestCalculator - short fall : 70000.0
2025-12-24 22:34:21 [main] DEBUG com.incometaxcalculator.interestcalculator.Section234BInterestCalculator - Advance tax paid after financial year : 5000.0 on: 2025-05-23
2025-12-24 22:34:21 [main] DEBUG com.incometaxcalculator.interestcalculator.Section234BInterestCalculator - Shortfall : 65000.0
2025-12-24 22:34:21 [main] DEBUG com.incometaxcalculator.interestcalculator.Section234BInterestCalculator - Interest to pay : 700.0
2025-12-24 22:34:21 [main] DEBUG com.incometaxcalculator.interestcalculator.Section234BInterestCalculator - Advance tax paid after financial year : 5000.0 on: 2025-06-23
2025-12-24 22:34:21 [main] DEBUG com.incometaxcalculator.interestcalculator.Section234BInterestCalculator - Shortfall : 60000.0
2025-12-24 22:34:21 [main] DEBUG com.incometaxcalculator.interestcalculator.Section234BInterestCalculator - Interest to pay : 2000.0
2025-12-24 22:34:21 [main] DEBUG com.incometaxcalculator.interestcalculator.Section234BInterestCalculator - Short fall : 60000.0 number of months : 1
2025-12-24 22:34:21 [main] DEBUG com.incometaxcalculator.interestcalculator.Section234BInterestCalculator - Interest to pay : 2600.0
2025-12-24 22:34:21 [main] DEBUG com.incometaxcalculator.interestcalculator.Section234BInterestCalculator - Exiting calculateinterest
2025-12-24 22:36:52 [main] DEBUG com.incometaxcalculator.interestcalculator.Section234BInterestCalculator - entering into calculateinterest
2025-12-24 22:36:52 [main] DEBUG com.incometaxcalculator.interestcalculator.Section234BInterestCalculator - Financial Year End Date : 2025-03-31
2025-12-24 22:36:52 [main] DEBUG com.incometaxcalculator.interestcalculator.Section234BInterestCalculator - Advance tax paid during financial year : 20000.0
2025-12-24 22:36:52 [main] INFO  com.incometaxcalculator.interestcalculator.Section234BInterestCalculator - 90% tax not paid before 31st march of financial year, hence Section234B interest is applicable.
2025-12-24 22:36:52 [main] DEBUG com.incometaxcalculator.interestcalculator.Section234BInterestCalculator - short fall : 70000.0
2025-12-24 22:36:52 [main] DEBUG com.incometaxcalculator.interestcalculator.Section234BInterestCalculator - Advance tax paid after financial year : 5000.0 on: 2025-05-23
2025-12-24 22:36:52 [main] DEBUG com.incometaxcalculator.interestcalculator.Section234BInterestCalculator - Shortfall : 70000.0
2025-12-24 22:36:52 [main] DEBUG com.incometaxcalculator.interestcalculator.Section234BInterestCalculator - Interest to pay : 700.0
2025-12-24 22:36:52 [main] DEBUG com.incometaxcalculator.interestcalculator.Section234BInterestCalculator - Advance tax paid after financial year : 5000.0 on: 2025-06-23
2025-12-24 22:36:52 [main] DEBUG com.incometaxcalculator.interestcalculator.Section234BInterestCalculator - Shortfall : 65000.0
2025-12-24 22:36:52 [main] DEBUG com.incometaxcalculator.interestcalculator.Section234BInterestCalculator - Interest to pay : 2000.0
2025-12-24 22:36:52 [main] DEBUG com.incometaxcalculator.interestcalculator.Section234BInterestCalculator - Short fall : 60000.0 number of months : 1
2025-12-24 22:36:52 [main] DEBUG com.incometaxcalculator.interestcalculator.Section234BInterestCalculator - Interest to pay : 2600.0
2025-12-24 22:36:52 [main] DEBUG com.incometaxcalculator.interestcalculator.Section234BInterestCalculator - Exiting calculateinterest
2025-12-24 22:42:42 [main] DEBUG com.incometaxcalculator.interestcalculator.Section234BInterestCalculator - entering into calculateinterest
2025-12-24 22:42:42 [main] DEBUG com.incometaxcalculator.interestcalculator.Section234BInterestCalculator - Financial Year End Date : 2025-03-31
2025-12-24 22:42:42 [main] DEBUG com.incometaxcalculator.interestcalculator.Section234BInterestCalculator - Advance tax paid during financial year : 20000.0
2025-12-24 22:42:42 [main] INFO  com.incometaxcalculator.interestcalculator.Section234BInterestCalculator - 90% tax not paid before 31st march of financial year, hence Section234B interest is applicable.
2025-12-24 22:42:42 [main] DEBUG com.incometaxcalculator.interestcalculator.Section234BInterestCalculator - short fall : 70000.0
2025-12-24 22:42:42 [main] DEBUG com.incometaxcalculator.interestcalculator.Section234BInterestCalculator - Advance tax paid after financial year : 5000.0 on: 2025-05-23 duration in months : 1
2025-12-24 22:42:42 [main] DEBUG com.incometaxcalculator.interestcalculator.Section234BInterestCalculator - Shortfall : 70000.0
2025-12-24 22:42:42 [main] DEBUG com.incometaxcalculator.interestcalculator.Section234BInterestCalculator - Interest to pay : 700.0
2025-12-24 22:42:42 [main] DEBUG com.incometaxcalculator.interestcalculator.Section234BInterestCalculator - Advance tax paid after financial year : 5000.0 on: 2025-06-23 duration in months : 2
2025-12-24 22:42:42 [main] DEBUG com.incometaxcalculator.interestcalculator.Section234BInterestCalculator - Shortfall : 65000.0
2025-12-24 22:42:42 [main] DEBUG com.incometaxcalculator.interestcalculator.Section234BInterestCalculator - Interest to pay : 2000.0
2025-12-24 22:42:42 [main] DEBUG com.incometaxcalculator.interestcalculator.Section234BInterestCalculator - Short fall : 60000.0 number of months : 1
2025-12-24 22:42:42 [main] DEBUG com.incometaxcalculator.interestcalculator.Section234BInterestCalculator - Interest to pay : 2600.0
2025-12-24 22:42:42 [main] DEBUG com.incometaxcalculator.interestcalculator.Section234BInterestCalculator - Exiting calculateinterest
2025-12-25 13:08:12 [main] DEBUG com.incometaxcalculator.interestcalculator.Section234BInterestCalculator - entering into calculateinterest
2025-12-25 13:08:12 [main] DEBUG com.incometaxcalculator.interestcalculator.Section234BInterestCalculator - Financial Year End Date : 2025-03-31
2025-12-25 13:08:12 [main] DEBUG com.incometaxcalculator.interestcalculator.Section234BInterestCalculator - Advance tax paid during financial year : 20000.0
2025-12-25 13:08:12 [main] INFO  com.incometaxcalculator.interestcalculator.Section234BInterestCalculator - 90% tax not paid before 31st march of financial year, hence Section234B interest is applicable.
2025-12-25 13:08:12 [main] DEBUG com.incometaxcalculator.interestcalculator.Section234BInterestCalculator - short fall : 70000.0
2025-12-25 13:08:12 [main] DEBUG com.incometaxcalculator.interestcalculator.Section234BInterestCalculator - Advance tax paid after financial year : 5000.0 on: 2025-05-23 duration in months : 1
2025-12-25 13:08:12 [main] DEBUG com.incometaxcalculator.interestcalculator.Section234BInterestCalculator - Shortfall : 70000.0
2025-12-25 13:08:12 [main] DEBUG com.incometaxcalculator.interestcalculator.Section234BInterestCalculator - Interest to pay : 700.0
2025-12-25 13:08:12 [main] DEBUG com.incometaxcalculator.interestcalculator.Section234BInterestCalculator - Advance tax paid after financial year : 5000.0 on: 2025-07-23 duration in months : 3
2025-12-25 13:08:12 [main] DEBUG com.incometaxcalculator.interestcalculator.Section234BInterestCalculator - Shortfall : 65000.0
2025-12-25 13:08:12 [main] DEBUG com.incometaxcalculator.interestcalculator.Section234BInterestCalculator - Interest to pay : 2650.0
2025-12-25 13:08:12 [main] DEBUG com.incometaxcalculator.interestcalculator.Section234BInterestCalculator - Short fall : 60000.0 number of months : 0
2025-12-25 13:08:12 [main] DEBUG com.incometaxcalculator.interestcalculator.Section234BInterestCalculator - Interest to pay : 2650.0
2025-12-25 13:08:12 [main] DEBUG com.incometaxcalculator.interestcalculator.Section234BInterestCalculator - Exiting calculateinterest
2025-12-25 13:12:40 [main] DEBUG com.incometaxcalculator.interestcalculator.Section234BInterestCalculator - entering into calculateinterest
2025-12-25 13:12:40 [main] DEBUG com.incometaxcalculator.interestcalculator.Section234BInterestCalculator - Financial Year End Date : 2025-03-31
2025-12-25 13:12:40 [main] DEBUG com.incometaxcalculator.interestcalculator.Section234BInterestCalculator - Advance tax paid during financial year : 20000.0
2025-12-25 13:12:40 [main] INFO  com.incometaxcalculator.interestcalculator.Section234BInterestCalculator - 90% tax not paid before 31st march of financial year, hence Section234B interest is applicable.
2025-12-25 13:12:40 [main] DEBUG com.incometaxcalculator.interestcalculator.Section234BInterestCalculator - short fall : 70000.0
2025-12-25 13:12:40 [main] DEBUG com.incometaxcalculator.interestcalculator.Section234BInterestCalculator - Advance tax paid after financial year : 5000.0 on: 2025-04-23 duration in months : 0
2025-12-25 13:12:40 [main] DEBUG com.incometaxcalculator.interestcalculator.Section234BInterestCalculator - Shortfall : 70000.0
2025-12-25 13:12:40 [main] DEBUG com.incometaxcalculator.interestcalculator.Section234BInterestCalculator - Interest to pay : 0.0
2025-12-25 13:12:40 [main] DEBUG com.incometaxcalculator.interestcalculator.Section234BInterestCalculator - Advance tax paid after financial year : 5000.0 on: 2025-05-23 duration in months : 1
2025-12-25 13:12:40 [main] DEBUG com.incometaxcalculator.interestcalculator.Section234BInterestCalculator - Shortfall : 65000.0
2025-12-25 13:12:40 [main] DEBUG com.incometaxcalculator.interestcalculator.Section234BInterestCalculator - Interest to pay : 650.0
2025-12-25 13:12:40 [main] DEBUG com.incometaxcalculator.interestcalculator.Section234BInterestCalculator - Advance tax paid after financial year : 5000.0 on: 2025-06-23 duration in months : 2
2025-12-25 13:12:40 [main] DEBUG com.incometaxcalculator.interestcalculator.Section234BInterestCalculator - Shortfall : 60000.0
2025-12-25 13:12:40 [main] DEBUG com.incometaxcalculator.interestcalculator.Section234BInterestCalculator - Interest to pay : 1850.0
2025-12-25 13:12:40 [main] DEBUG com.incometaxcalculator.interestcalculator.Section234BInterestCalculator - Advance tax paid after financial year : 5000.0 on: 2025-07-23 duration in months : 3
2025-12-25 13:12:40 [main] DEBUG com.incometaxcalculator.interestcalculator.Section234BInterestCalculator - Shortfall : 55000.0
2025-12-25 13:12:40 [main] DEBUG com.incometaxcalculator.interestcalculator.Section234BInterestCalculator - Interest to pay : 3500.0
2025-12-25 13:12:40 [main] DEBUG com.incometaxcalculator.interestcalculator.Section234BInterestCalculator - Short fall : 50000.0 number of months : 0
2025-12-25 13:12:40 [main] DEBUG com.incometaxcalculator.interestcalculator.Section234BInterestCalculator - Interest to pay : 3500.0
2025-12-25 13:12:40 [main] DEBUG com.incometaxcalculator.interestcalculator.Section234BInterestCalculator - Exiting calculateinterest
2025-12-25 13:13:41 [main] DEBUG com.incometaxcalculator.interestcalculator.Section234BInterestCalculator - entering into calculateinterest
2025-12-25 13:13:41 [main] DEBUG com.incometaxcalculator.interestcalculator.Section234BInterestCalculator - Financial Year End Date : 2025-03-31
2025-12-25 13:14:00 [main] DEBUG com.incometaxcalculator.interestcalculator.Section234BInterestCalculator - entering into calculateinterest
2025-12-25 13:14:00 [main] DEBUG com.incometaxcalculator.interestcalculator.Section234BInterestCalculator - Financial Year End Date : 2025-03-31
2025-12-25 13:14:00 [main] DEBUG com.incometaxcalculator.interestcalculator.Section234BInterestCalculator - Advance tax paid during financial year : 20000.0
2025-12-25 13:14:00 [main] INFO  com.incometaxcalculator.interestcalculator.Section234BInterestCalculator - 90% tax not paid before 31st march of financial year, hence Section234B interest is applicable.
2025-12-25 13:14:00 [main] DEBUG com.incometaxcalculator.interestcalculator.Section234BInterestCalculator - short fall : 70000.0
2025-12-25 13:14:00 [main] DEBUG com.incometaxcalculator.interestcalculator.Section234BInterestCalculator - Advance tax paid after financial year : 5000.0 on: 2025-04-30 duration in months : 0
2025-12-25 13:14:00 [main] DEBUG com.incometaxcalculator.interestcalculator.Section234BInterestCalculator - Shortfall : 70000.0
2025-12-25 13:14:00 [main] DEBUG com.incometaxcalculator.interestcalculator.Section234BInterestCalculator - Interest to pay : 0.0
2025-12-25 13:14:00 [main] DEBUG com.incometaxcalculator.interestcalculator.Section234BInterestCalculator - Advance tax paid after financial year : 5000.0 on: 2025-05-31 duration in months : 2
2025-12-25 13:14:00 [main] DEBUG com.incometaxcalculator.interestcalculator.Section234BInterestCalculator - Shortfall : 65000.0
2025-12-25 13:14:00 [main] DEBUG com.incometaxcalculator.interestcalculator.Section234BInterestCalculator - Interest to pay : 1300.0
2025-12-25 13:14:00 [main] DEBUG com.incometaxcalculator.interestcalculator.Section234BInterestCalculator - Advance tax paid after financial year : 5000.0 on: 2025-06-30 duration in months : 2
2025-12-25 13:14:00 [main] DEBUG com.incometaxcalculator.interestcalculator.Section234BInterestCalculator - Shortfall : 60000.0
2025-12-25 13:14:00 [main] DEBUG com.incometaxcalculator.interestcalculator.Section234BInterestCalculator - Interest to pay : 2500.0
2025-12-25 13:14:00 [main] DEBUG com.incometaxcalculator.interestcalculator.Section234BInterestCalculator - Advance tax paid after financial year : 5000.0 on: 2025-07-31 duration in months : 4
2025-12-25 13:14:00 [main] DEBUG com.incometaxcalculator.interestcalculator.Section234BInterestCalculator - Shortfall : 55000.0
2025-12-25 13:14:00 [main] DEBUG com.incometaxcalculator.interestcalculator.Section234BInterestCalculator - Interest to pay : 4700.0
2025-12-25 13:14:00 [main] DEBUG com.incometaxcalculator.interestcalculator.Section234BInterestCalculator - Short fall : 50000.0 number of months : 0
2025-12-25 13:14:00 [main] DEBUG com.incometaxcalculator.interestcalculator.Section234BInterestCalculator - Interest to pay : 4700.0
2025-12-25 13:14:00 [main] DEBUG com.incometaxcalculator.interestcalculator.Section234BInterestCalculator - Exiting calculateinterest
2025-12-25 13:14:38 [main] DEBUG com.incometaxcalculator.interestcalculator.Section234BInterestCalculator - entering into calculateinterest
2025-12-25 13:14:38 [main] DEBUG com.incometaxcalculator.interestcalculator.Section234BInterestCalculator - Financial Year End Date : 2025-03-30
2025-12-25 13:14:38 [main] DEBUG com.incometaxcalculator.interestcalculator.Section234BInterestCalculator - Advance tax paid during financial year : 20000.0
2025-12-25 13:14:38 [main] INFO  com.incometaxcalculator.interestcalculator.Section234BInterestCalculator - 90% tax not paid before 31st march of financial year, hence Section234B interest is applicable.
2025-12-25 13:14:38 [main] DEBUG com.incometaxcalculator.interestcalculator.Section234BInterestCalculator - short fall : 70000.0
2025-12-25 13:14:38 [main] DEBUG com.incometaxcalculator.interestcalculator.Section234BInterestCalculator - Advance tax paid after financial year : 5000.0 on: 2025-04-30 duration in months : 1
2025-12-25 13:14:38 [main] DEBUG com.incometaxcalculator.interestcalculator.Section234BInterestCalculator - Shortfall : 70000.0
2025-12-25 13:14:38 [main] DEBUG com.incometaxcalculator.interestcalculator.Section234BInterestCalculator - Interest to pay : 700.0
2025-12-25 13:14:38 [main] DEBUG com.incometaxcalculator.interestcalculator.Section234BInterestCalculator - Advance tax paid after financial year : 5000.0 on: 2025-05-31 duration in months : 2
2025-12-25 13:14:38 [main] DEBUG com.incometaxcalculator.interestcalculator.Section234BInterestCalculator - Shortfall : 65000.0
2025-12-25 13:14:38 [main] DEBUG com.incometaxcalculator.interestcalculator.Section234BInterestCalculator - Interest to pay : 2000.0
2025-12-25 13:14:38 [main] DEBUG com.incometaxcalculator.interestcalculator.Section234BInterestCalculator - Advance tax paid after financial year : 5000.0 on: 2025-06-30 duration in months : 3
2025-12-25 13:14:38 [main] DEBUG com.incometaxcalculator.interestcalculator.Section234BInterestCalculator - Shortfall : 60000.0
2025-12-25 13:14:38 [main] DEBUG com.incometaxcalculator.interestcalculator.Section234BInterestCalculator - Interest to pay : 3800.0
2025-12-25 13:14:38 [main] DEBUG com.incometaxcalculator.interestcalculator.Section234BInterestCalculator - Advance tax paid after financial year : 5000.0 on: 2025-07-31 duration in months : 4
2025-12-25 13:14:38 [main] DEBUG com.incometaxcalculator.interestcalculator.Section234BInterestCalculator - Shortfall : 55000.0
2025-12-25 13:14:38 [main] DEBUG com.incometaxcalculator.interestcalculator.Section234BInterestCalculator - Interest to pay : 6000.0
2025-12-25 13:14:38 [main] DEBUG com.incometaxcalculator.interestcalculator.Section234BInterestCalculator - Short fall : 50000.0 number of months : 0
2025-12-25 13:14:38 [main] DEBUG com.incometaxcalculator.interestcalculator.Section234BInterestCalculator - Interest to pay : 6000.0
2025-12-25 13:14:38 [main] DEBUG com.incometaxcalculator.interestcalculator.Section234BInterestCalculator - Exiting calculateinterest
2025-12-25 13:20:28 [main] DEBUG com.incometaxcalculator.interestcalculator.Section234BInterestCalculator - entering into calculateinterest
2025-12-25 13:20:28 [main] DEBUG com.incometaxcalculator.interestcalculator.Section234BInterestCalculator - Financial Year End Date : 2025-03-30
2025-12-25 13:20:28 [main] DEBUG com.incometaxcalculator.interestcalculator.Section234BInterestCalculator - Advance tax paid during financial year : 20000.0
2025-12-25 13:20:28 [main] INFO  com.incometaxcalculator.interestcalculator.Section234BInterestCalculator - 90% tax not paid before 31st march of financial year, hence Section234B interest is applicable.
2025-12-25 13:20:28 [main] DEBUG com.incometaxcalculator.interestcalculator.Section234BInterestCalculator - short fall : 70000.0
2025-12-25 13:20:28 [main] DEBUG com.incometaxcalculator.interestcalculator.Section234BInterestCalculator - Advance tax paid after financial year : 5000.0 on: 2025-04-30 duration in months : 1
2025-12-25 13:20:28 [main] DEBUG com.incometaxcalculator.interestcalculator.Section234BInterestCalculator - Shortfall : 70000.0
2025-12-25 13:20:28 [main] DEBUG com.incometaxcalculator.interestcalculator.Section234BInterestCalculator - Interest to pay : 700.0
2025-12-25 13:20:28 [main] DEBUG com.incometaxcalculator.interestcalculator.Section234BInterestCalculator - Advance tax paid after financial year : 5000.0 on: 2025-05-31 duration in months : 1
2025-12-25 13:20:28 [main] DEBUG com.incometaxcalculator.interestcalculator.Section234BInterestCalculator - Shortfall : 65000.0
2025-12-25 13:20:28 [main] DEBUG com.incometaxcalculator.interestcalculator.Section234BInterestCalculator - Interest to pay : 1350.0
2025-12-25 13:20:28 [main] DEBUG com.incometaxcalculator.interestcalculator.Section234BInterestCalculator - Advance tax paid after financial year : 5000.0 on: 2025-06-30 duration in months : 1
2025-12-25 13:20:28 [main] DEBUG com.incometaxcalculator.interestcalculator.Section234BInterestCalculator - Shortfall : 60000.0
2025-12-25 13:20:28 [main] DEBUG com.incometaxcalculator.interestcalculator.Section234BInterestCalculator - Interest to pay : 1950.0
2025-12-25 13:20:28 [main] DEBUG com.incometaxcalculator.interestcalculator.Section234BInterestCalculator - Advance tax paid after financial year : 5000.0 on: 2025-07-31 duration in months : 1
2025-12-25 13:20:28 [main] DEBUG com.incometaxcalculator.interestcalculator.Section234BInterestCalculator - Shortfall : 55000.0
2025-12-25 13:20:28 [main] DEBUG com.incometaxcalculator.interestcalculator.Section234BInterestCalculator - Interest to pay : 2500.0
2025-12-25 13:20:28 [main] DEBUG com.incometaxcalculator.interestcalculator.Section234BInterestCalculator - Short fall : 50000.0 number of months : 0
2025-12-25 13:20:28 [main] DEBUG com.incometaxcalculator.interestcalculator.Section234BInterestCalculator - Interest to pay : 2500.0
2025-12-25 13:20:28 [main] DEBUG com.incometaxcalculator.interestcalculator.Section234BInterestCalculator - Exiting calculateinterest
2025-12-25 13:21:28 [main] DEBUG com.incometaxcalculator.interestcalculator.Section234BInterestCalculator - entering into calculateinterest
2025-12-25 13:21:28 [main] DEBUG com.incometaxcalculator.interestcalculator.Section234BInterestCalculator - Financial Year End Date : 2025-03-30
2025-12-25 13:21:28 [main] DEBUG com.incometaxcalculator.interestcalculator.Section234BInterestCalculator - Advance tax paid during financial year : 20000.0
2025-12-25 13:21:28 [main] INFO  com.incometaxcalculator.interestcalculator.Section234BInterestCalculator - 90% tax not paid before 31st march of financial year, hence Section234B interest is applicable.
2025-12-25 13:21:28 [main] DEBUG com.incometaxcalculator.interestcalculator.Section234BInterestCalculator - short fall : 70000.0
2025-12-25 13:21:28 [main] DEBUG com.incometaxcalculator.interestcalculator.Section234BInterestCalculator - Advance tax paid after financial year : 5000.0 on: 2025-05-31 duration in months : 1
2025-12-25 13:21:28 [main] DEBUG com.incometaxcalculator.interestcalculator.Section234BInterestCalculator - Shortfall : 70000.0
2025-12-25 13:21:28 [main] DEBUG com.incometaxcalculator.interestcalculator.Section234BInterestCalculator - Interest to pay : 700.0
2025-12-25 13:21:28 [main] DEBUG com.incometaxcalculator.interestcalculator.Section234BInterestCalculator - Advance tax paid after financial year : 5000.0 on: 2025-06-30 duration in months : 1
2025-12-25 13:21:28 [main] DEBUG com.incometaxcalculator.interestcalculator.Section234BInterestCalculator - Shortfall : 65000.0
2025-12-25 13:21:28 [main] DEBUG com.incometaxcalculator.interestcalculator.Section234BInterestCalculator - Interest to pay : 1350.0
2025-12-25 13:21:28 [main] DEBUG com.incometaxcalculator.interestcalculator.Section234BInterestCalculator - Short fall : 60000.0 number of months : 1
2025-12-25 13:21:28 [main] DEBUG com.incometaxcalculator.interestcalculator.Section234BInterestCalculator - Interest to pay : 1950.0
2025-12-25 13:21:28 [main] DEBUG com.incometaxcalculator.interestcalculator.Section234BInterestCalculator - Exiting calculateinterest
2025-12-25 13:30:31 [main] DEBUG com.incometaxcalculator.interestcalculator.Section234BInterestCalculator - entering into calculateinterest
2025-12-25 13:30:31 [main] DEBUG com.incometaxcalculator.interestcalculator.Section234BInterestCalculator - dates in order : 2024-07-11
2025-12-25 13:30:31 [main] DEBUG com.incometaxcalculator.interestcalculator.Section234BInterestCalculator - dates in order : 2024-09-22
2025-12-25 13:30:31 [main] DEBUG com.incometaxcalculator.interestcalculator.Section234BInterestCalculator - dates in order : 2025-05-31
2025-12-25 13:30:31 [main] DEBUG com.incometaxcalculator.interestcalculator.Section234BInterestCalculator - dates in order : 2025-06-30
2025-12-25 13:30:31 [main] DEBUG com.incometaxcalculator.interestcalculator.Section234BInterestCalculator - Financial Year End Date : 2025-03-30
2025-12-25 13:30:31 [main] DEBUG com.incometaxcalculator.interestcalculator.Section234BInterestCalculator - Advance tax paid during financial year : 20000.0
2025-12-25 13:30:31 [main] INFO  com.incometaxcalculator.interestcalculator.Section234BInterestCalculator - 90% tax not paid before 31st march of financial year, hence Section234B interest is applicable.
2025-12-25 13:30:31 [main] DEBUG com.incometaxcalculator.interestcalculator.Section234BInterestCalculator - short fall : 70000.0
2025-12-25 13:30:31 [main] DEBUG com.incometaxcalculator.interestcalculator.Section234BInterestCalculator - Advance tax paid after financial year : 5000.0 on: 2025-05-31 duration in months : 1
2025-12-25 13:30:31 [main] DEBUG com.incometaxcalculator.interestcalculator.Section234BInterestCalculator - Shortfall : 70000.0
2025-12-25 13:30:31 [main] DEBUG com.incometaxcalculator.interestcalculator.Section234BInterestCalculator - Interest to pay : 700.0
2025-12-25 13:30:31 [main] DEBUG com.incometaxcalculator.interestcalculator.Section234BInterestCalculator - Advance tax paid after financial year : 5000.0 on: 2025-06-30 duration in months : 1
2025-12-25 13:30:31 [main] DEBUG com.incometaxcalculator.interestcalculator.Section234BInterestCalculator - Shortfall : 65000.0
2025-12-25 13:30:31 [main] DEBUG com.incometaxcalculator.interestcalculator.Section234BInterestCalculator - Interest to pay : 1350.0
2025-12-25 13:30:31 [main] DEBUG com.incometaxcalculator.interestcalculator.Section234BInterestCalculator - Short fall : 60000.0 number of months : 1
2025-12-25 13:30:31 [main] DEBUG com.incometaxcalculator.interestcalculator.Section234BInterestCalculator - Interest to pay : 1950.0
2025-12-25 13:30:31 [main] DEBUG com.incometaxcalculator.interestcalculator.Section234BInterestCalculator - Exiting calculateinterest
2025-12-25 13:31:08 [main] DEBUG com.incometaxcalculator.interestcalculator.Section234BInterestCalculator - entering into calculateinterest
2025-12-25 13:31:24 [main] DEBUG com.incometaxcalculator.interestcalculator.Section234BInterestCalculator - entering into calculateinterest
2025-12-25 13:31:24 [main] DEBUG com.incometaxcalculator.interestcalculator.Section234BInterestCalculator - dates in order : 2024-06-30
2025-12-25 13:31:24 [main] DEBUG com.incometaxcalculator.interestcalculator.Section234BInterestCalculator - dates in order : 2024-09-11
2025-12-25 13:31:24 [main] DEBUG com.incometaxcalculator.interestcalculator.Section234BInterestCalculator - dates in order : 2025-05-30
2025-12-25 13:31:24 [main] DEBUG com.incometaxcalculator.interestcalculator.Section234BInterestCalculator - dates in order : 2025-07-22
2025-12-25 13:31:24 [main] DEBUG com.incometaxcalculator.interestcalculator.Section234BInterestCalculator - Financial Year End Date : 2025-03-30
2025-12-25 13:31:24 [main] DEBUG com.incometaxcalculator.interestcalculator.Section234BInterestCalculator - Advance tax paid during financial year : 15000.0
2025-12-25 13:31:24 [main] INFO  com.incometaxcalculator.interestcalculator.Section234BInterestCalculator - 90% tax not paid before 31st march of financial year, hence Section234B interest is applicable.
2025-12-25 13:31:24 [main] DEBUG com.incometaxcalculator.interestcalculator.Section234BInterestCalculator - short fall : 75000.0
2025-12-25 13:31:24 [main] DEBUG com.incometaxcalculator.interestcalculator.Section234BInterestCalculator - Advance tax paid after financial year : 5000.0 on: 2025-05-30 duration in months : 1
2025-12-25 13:31:24 [main] DEBUG com.incometaxcalculator.interestcalculator.Section234BInterestCalculator - Shortfall : 75000.0
2025-12-25 13:31:24 [main] DEBUG com.incometaxcalculator.interestcalculator.Section234BInterestCalculator - Interest to pay : 750.0
2025-12-25 13:31:24 [main] DEBUG com.incometaxcalculator.interestcalculator.Section234BInterestCalculator - Advance tax paid after financial year : 10000.0 on: 2025-07-22 duration in months : 1
2025-12-25 13:31:24 [main] DEBUG com.incometaxcalculator.interestcalculator.Section234BInterestCalculator - Shortfall : 70000.0
2025-12-25 13:31:24 [main] DEBUG com.incometaxcalculator.interestcalculator.Section234BInterestCalculator - Interest to pay : 1450.0
2025-12-25 13:31:24 [main] DEBUG com.incometaxcalculator.interestcalculator.Section234BInterestCalculator - Short fall : 60000.0 number of months : 0
2025-12-25 13:31:24 [main] DEBUG com.incometaxcalculator.interestcalculator.Section234BInterestCalculator - Interest to pay : 1450.0
2025-12-25 13:31:24 [main] DEBUG com.incometaxcalculator.interestcalculator.Section234BInterestCalculator - Exiting calculateinterest
2025-12-25 13:37:52 [main] DEBUG com.incometaxcalculator.interestcalculator.Section234BInterestCalculator - entering into calculateinterest
2025-12-25 13:37:52 [main] DEBUG com.incometaxcalculator.interestcalculator.Section234BInterestCalculator - dates in order : 2024-06-30
2025-12-25 13:37:52 [main] DEBUG com.incometaxcalculator.interestcalculator.Section234BInterestCalculator - dates in order : 2024-09-11
2025-12-25 13:37:52 [main] DEBUG com.incometaxcalculator.interestcalculator.Section234BInterestCalculator - dates in order : 2025-05-30
2025-12-25 13:37:52 [main] DEBUG com.incometaxcalculator.interestcalculator.Section234BInterestCalculator - dates in order : 2025-07-22
2025-12-25 13:37:52 [main] DEBUG com.incometaxcalculator.interestcalculator.Section234BInterestCalculator - Financial Year End Date : 2025-03-30
2025-12-25 13:37:52 [main] DEBUG com.incometaxcalculator.interestcalculator.Section234BInterestCalculator - Advance tax paid during financial year : 15000.0
2025-12-25 13:37:52 [main] INFO  com.incometaxcalculator.interestcalculator.Section234BInterestCalculator - 90% tax not paid before 31st march of financial year, hence Section234B interest is applicable.
2025-12-25 13:37:52 [main] DEBUG com.incometaxcalculator.interestcalculator.Section234BInterestCalculator - short fall : 75000.0
2025-12-25 13:37:52 [main] DEBUG com.incometaxcalculator.interestcalculator.Section234BInterestCalculator - Advance tax paid after financial year : 5000.0 on: 2025-05-30 duration in months : 1
2025-12-25 13:37:52 [main] DEBUG com.incometaxcalculator.interestcalculator.Section234BInterestCalculator - Shortfall : 75000.0
2025-12-25 13:37:52 [main] DEBUG com.incometaxcalculator.interestcalculator.Section234BInterestCalculator - Interest to pay : 750.0
2025-12-25 13:37:52 [main] DEBUG com.incometaxcalculator.interestcalculator.Section234BInterestCalculator - Advance tax paid after financial year : 10000.0 on: 2025-07-22 duration in months : 1
2025-12-25 13:37:52 [main] DEBUG com.incometaxcalculator.interestcalculator.Section234BInterestCalculator - Shortfall : 70000.0
2025-12-25 13:37:52 [main] DEBUG com.incometaxcalculator.interestcalculator.Section234BInterestCalculator - Interest to pay : 1450.0
2025-12-25 13:37:52 [main] DEBUG com.incometaxcalculator.interestcalculator.Section234BInterestCalculator - Short fall : 60000.0 number of months : 0
2025-12-25 13:37:52 [main] DEBUG com.incometaxcalculator.interestcalculator.Section234BInterestCalculator - Interest to pay : 1450.0
2025-12-25 13:37:52 [main] DEBUG com.incometaxcalculator.interestcalculator.Section234BInterestCalculator - Exiting calculateinterest
2025-12-25 13:41:12 [main] DEBUG com.incometaxcalculator.interestcalculator.Section234BInterestCalculator - entering into calculateinterest
2025-12-25 13:41:12 [main] DEBUG com.incometaxcalculator.interestcalculator.Section234BInterestCalculator - dates in order : 2024-06-30
2025-12-25 13:41:12 [main] DEBUG com.incometaxcalculator.interestcalculator.Section234BInterestCalculator - dates in order : 2024-09-11
2025-12-25 13:41:12 [main] DEBUG com.incometaxcalculator.interestcalculator.Section234BInterestCalculator - dates in order : 2025-05-30
2025-12-25 13:41:12 [main] DEBUG com.incometaxcalculator.interestcalculator.Section234BInterestCalculator - dates in order : 2025-07-22
2025-12-25 13:41:12 [main] DEBUG com.incometaxcalculator.interestcalculator.Section234BInterestCalculator - Financial Year End Date : 2025-03-31
2025-12-25 13:41:12 [main] DEBUG com.incometaxcalculator.interestcalculator.Section234BInterestCalculator - Advance tax paid during financial year : 15000.0
2025-12-25 13:41:12 [main] INFO  com.incometaxcalculator.interestcalculator.Section234BInterestCalculator - 90% tax not paid before 31st march of financial year, hence Section234B interest is applicable.
2025-12-25 13:41:12 [main] DEBUG com.incometaxcalculator.interestcalculator.Section234BInterestCalculator - Initial short fall : 75000.0
2025-12-25 13:41:12 [main] DEBUG com.incometaxcalculator.interestcalculator.Section234BInterestCalculator - Month: 2025-04 | Interest: 750.0 | Based on Shortfall: 75000.0
2025-12-25 13:41:12 [main] DEBUG com.incometaxcalculator.interestcalculator.Section234BInterestCalculator - Month: 2025-05 | Interest: 750.0 | Based on Shortfall: 75000.0
2025-12-25 13:41:12 [main] DEBUG com.incometaxcalculator.interestcalculator.Section234BInterestCalculator -    -> Payment detected: 5000.0 in 2025-05. Reduced Shortfall for next month: 70000.0
2025-12-25 13:41:12 [main] DEBUG com.incometaxcalculator.interestcalculator.Section234BInterestCalculator - Month: 2025-06 | Interest: 700.0 | Based on Shortfall: 70000.0
2025-12-25 13:41:12 [main] DEBUG com.incometaxcalculator.interestcalculator.Section234BInterestCalculator - Month: 2025-07 | Interest: 700.0 | Based on Shortfall: 70000.0
2025-12-25 13:41:12 [main] DEBUG com.incometaxcalculator.interestcalculator.Section234BInterestCalculator -    -> Payment detected: 10000.0 in 2025-07. Reduced Shortfall for next month: 60000.0
2025-12-25 13:41:12 [main] DEBUG com.incometaxcalculator.interestcalculator.Section234BInterestCalculator - Month: 2025-08 | Interest: 600.0 | Based on Shortfall: 60000.0
2025-12-25 13:41:12 [main] DEBUG com.incometaxcalculator.interestcalculator.Section234BInterestCalculator - Total Interest to pay : 3500.0
2025-12-25 13:41:12 [main] DEBUG com.incometaxcalculator.interestcalculator.Section234BInterestCalculator - Exiting calculateinterest
2025-12-25 13:42:04 [main] DEBUG com.incometaxcalculator.interestcalculator.Section234BInterestCalculator - entering into calculateinterest
2025-12-25 13:42:04 [main] DEBUG com.incometaxcalculator.interestcalculator.Section234BInterestCalculator - dates in order : 2024-06-30
2025-12-25 13:42:04 [main] DEBUG com.incometaxcalculator.interestcalculator.Section234BInterestCalculator - dates in order : 2024-09-11
2025-12-25 13:42:04 [main] DEBUG com.incometaxcalculator.interestcalculator.Section234BInterestCalculator - dates in order : 2025-05-31
2025-12-25 13:42:04 [main] DEBUG com.incometaxcalculator.interestcalculator.Section234BInterestCalculator - dates in order : 2025-06-30
2025-12-25 13:42:04 [main] DEBUG com.incometaxcalculator.interestcalculator.Section234BInterestCalculator - Financial Year End Date : 2025-03-31
2025-12-25 13:42:04 [main] DEBUG com.incometaxcalculator.interestcalculator.Section234BInterestCalculator - Advance tax paid during financial year : 15000.0
2025-12-25 13:42:04 [main] INFO  com.incometaxcalculator.interestcalculator.Section234BInterestCalculator - 90% tax not paid before 31st march of financial year, hence Section234B interest is applicable.
2025-12-25 13:42:04 [main] DEBUG com.incometaxcalculator.interestcalculator.Section234BInterestCalculator - Initial short fall : 75000.0
2025-12-25 13:42:04 [main] DEBUG com.incometaxcalculator.interestcalculator.Section234BInterestCalculator - Month: 2025-04 | Interest: 750.0 | Based on Shortfall: 75000.0
2025-12-25 13:42:04 [main] DEBUG com.incometaxcalculator.interestcalculator.Section234BInterestCalculator - Month: 2025-05 | Interest: 750.0 | Based on Shortfall: 75000.0
2025-12-25 13:42:04 [main] DEBUG com.incometaxcalculator.interestcalculator.Section234BInterestCalculator -    -> Payment detected: 10000.0 in 2025-05. Reduced Shortfall for next month: 65000.0
2025-12-25 13:42:04 [main] DEBUG com.incometaxcalculator.interestcalculator.Section234BInterestCalculator - Month: 2025-06 | Interest: 650.0 | Based on Shortfall: 65000.0
2025-12-25 13:42:04 [main] DEBUG com.incometaxcalculator.interestcalculator.Section234BInterestCalculator -    -> Payment detected: 5000.0 in 2025-06. Reduced Shortfall for next month: 60000.0
2025-12-25 13:42:04 [main] DEBUG com.incometaxcalculator.interestcalculator.Section234BInterestCalculator - Month: 2025-07 | Interest: 600.0 | Based on Shortfall: 60000.0
2025-12-25 13:42:04 [main] DEBUG com.incometaxcalculator.interestcalculator.Section234BInterestCalculator - Month: 2025-08 | Interest: 600.0 | Based on Shortfall: 60000.0
2025-12-25 13:42:04 [main] DEBUG com.incometaxcalculator.interestcalculator.Section234BInterestCalculator - Total Interest to pay : 3350.0
2025-12-25 13:42:04 [main] DEBUG com.incometaxcalculator.interestcalculator.Section234BInterestCalculator - Exiting calculateinterest
2025-12-25 13:42:44 [main] DEBUG com.incometaxcalculator.interestcalculator.Section234BInterestCalculator - entering into calculateinterest
2025-12-25 13:42:44 [main] DEBUG com.incometaxcalculator.interestcalculator.Section234BInterestCalculator - dates in order : 2024-06-30
2025-12-25 13:42:44 [main] DEBUG com.incometaxcalculator.interestcalculator.Section234BInterestCalculator - dates in order : 2024-09-11
2025-12-25 13:42:44 [main] DEBUG com.incometaxcalculator.interestcalculator.Section234BInterestCalculator - dates in order : 2025-05-31
2025-12-25 13:42:44 [main] DEBUG com.incometaxcalculator.interestcalculator.Section234BInterestCalculator - dates in order : 2025-06-30
2025-12-25 13:42:44 [main] DEBUG com.incometaxcalculator.interestcalculator.Section234BInterestCalculator - Financial Year End Date : 2025-03-31
2025-12-25 13:42:44 [main] DEBUG com.incometaxcalculator.interestcalculator.Section234BInterestCalculator - Advance tax paid during financial year : 20000.0
2025-12-25 13:42:44 [main] INFO  com.incometaxcalculator.interestcalculator.Section234BInterestCalculator - 90% tax not paid before 31st march of financial year, hence Section234B interest is applicable.
2025-12-25 13:42:44 [main] DEBUG com.incometaxcalculator.interestcalculator.Section234BInterestCalculator - Initial short fall : 70000.0
2025-12-25 13:42:44 [main] DEBUG com.incometaxcalculator.interestcalculator.Section234BInterestCalculator - Month: 2025-04 | Interest: 700.0 | Based on Shortfall: 70000.0
2025-12-25 13:42:44 [main] DEBUG com.incometaxcalculator.interestcalculator.Section234BInterestCalculator - Month: 2025-05 | Interest: 700.0 | Based on Shortfall: 70000.0
2025-12-25 13:42:44 [main] DEBUG com.incometaxcalculator.interestcalculator.Section234BInterestCalculator -    -> Payment detected: 5000.0 in 2025-05. Reduced Shortfall for next month: 65000.0
2025-12-25 13:42:44 [main] DEBUG com.incometaxcalculator.interestcalculator.Section234BInterestCalculator - Month: 2025-06 | Interest: 650.0 | Based on Shortfall: 65000.0
2025-12-25 13:42:44 [main] DEBUG com.incometaxcalculator.interestcalculator.Section234BInterestCalculator -    -> Payment detected: 5000.0 in 2025-06. Reduced Shortfall for next month: 60000.0
2025-12-25 13:42:44 [main] DEBUG com.incometaxcalculator.interestcalculator.Section234BInterestCalculator - Month: 2025-07 | Interest: 600.0 | Based on Shortfall: 60000.0
2025-12-25 13:42:44 [main] DEBUG com.incometaxcalculator.interestcalculator.Section234BInterestCalculator - Month: 2025-08 | Interest: 600.0 | Based on Shortfall: 60000.0
2025-12-25 13:42:44 [main] DEBUG com.incometaxcalculator.interestcalculator.Section234BInterestCalculator - Total Interest to pay : 3250.0
2025-12-25 13:42:44 [main] DEBUG com.incometaxcalculator.interestcalculator.Section234BInterestCalculator - Exiting calculateinterest
2025-12-25 13:44:12 [main] DEBUG com.incometaxcalculator.interestcalculator.Section234BInterestCalculator - entering into calculateinterest
2025-12-25 13:44:12 [main] DEBUG com.incometaxcalculator.interestcalculator.Section234BInterestCalculator - dates in order : 2024-06-30
2025-12-25 13:44:12 [main] DEBUG com.incometaxcalculator.interestcalculator.Section234BInterestCalculator - dates in order : 2024-09-11
2025-12-25 13:44:12 [main] DEBUG com.incometaxcalculator.interestcalculator.Section234BInterestCalculator - dates in order : 2025-05-31
2025-12-25 13:44:12 [main] DEBUG com.incometaxcalculator.interestcalculator.Section234BInterestCalculator - dates in order : 2025-06-30
2025-12-25 13:44:12 [main] DEBUG com.incometaxcalculator.interestcalculator.Section234BInterestCalculator - Financial Year End Date : 2025-03-31
2025-12-25 13:44:12 [main] DEBUG com.incometaxcalculator.interestcalculator.Section234BInterestCalculator - Advance tax paid during financial year : 20000.0
2025-12-25 13:44:12 [main] INFO  com.incometaxcalculator.interestcalculator.Section234BInterestCalculator - 90% tax not paid before 31st march of financial year, hence Section234B interest is applicable.
2025-12-25 13:44:12 [main] DEBUG com.incometaxcalculator.interestcalculator.Section234BInterestCalculator - Initial short fall : 70000.0
2025-12-25 13:44:12 [main] DEBUG com.incometaxcalculator.interestcalculator.Section234BInterestCalculator - Month: 2025-04 | Interest: 700.0 | Based on Shortfall: 70000.0
2025-12-25 13:44:12 [main] DEBUG com.incometaxcalculator.interestcalculator.Section234BInterestCalculator - Month: 2025-05 | Interest: 700.0 | Based on Shortfall: 70000.0
2025-12-25 13:44:12 [main] DEBUG com.incometaxcalculator.interestcalculator.Section234BInterestCalculator -    -> Payment detected: 5000.0 in 2025-05. Reduced Shortfall for next month: 65000.0
2025-12-25 13:44:12 [main] DEBUG com.incometaxcalculator.interestcalculator.Section234BInterestCalculator - Month: 2025-06 | Interest: 650.0 | Based on Shortfall: 65000.0
2025-12-25 13:44:12 [main] DEBUG com.incometaxcalculator.interestcalculator.Section234BInterestCalculator -    -> Payment detected: 5000.0 in 2025-06. Reduced Shortfall for next month: 60000.0
2025-12-25 13:44:12 [main] DEBUG com.incometaxcalculator.interestcalculator.Section234BInterestCalculator - Month: 2025-07 | Interest: 600.0 | Based on Shortfall: 60000.0
2025-12-25 13:44:12 [main] DEBUG com.incometaxcalculator.interestcalculator.Section234BInterestCalculator - Total Interest to pay : 2650.0
2025-12-25 13:44:12 [main] DEBUG com.incometaxcalculator.interestcalculator.Section234BInterestCalculator - Exiting calculateinterest
2025-12-25 13:45:56 [main] DEBUG com.incometaxcalculator.interestcalculator.Section234BInterestCalculator - entering into calculateinterest
2025-12-25 13:45:56 [main] DEBUG com.incometaxcalculator.interestcalculator.Section234BInterestCalculator - dates in order : 2024-06-30
2025-12-25 13:45:56 [main] DEBUG com.incometaxcalculator.interestcalculator.Section234BInterestCalculator - dates in order : 2024-09-11
2025-12-25 13:45:56 [main] DEBUG com.incometaxcalculator.interestcalculator.Section234BInterestCalculator - dates in order : 2025-04-30
2025-12-25 13:45:56 [main] DEBUG com.incometaxcalculator.interestcalculator.Section234BInterestCalculator - dates in order : 2025-05-31
2025-12-25 13:45:56 [main] DEBUG com.incometaxcalculator.interestcalculator.Section234BInterestCalculator - dates in order : 2025-06-30
2025-12-25 13:45:56 [main] DEBUG com.incometaxcalculator.interestcalculator.Section234BInterestCalculator - dates in order : 2025-07-31
2025-12-25 13:45:56 [main] DEBUG com.incometaxcalculator.interestcalculator.Section234BInterestCalculator - Financial Year End Date : 2025-03-31
2025-12-25 13:45:56 [main] DEBUG com.incometaxcalculator.interestcalculator.Section234BInterestCalculator - Advance tax paid during financial year : 20000.0
2025-12-25 13:45:56 [main] INFO  com.incometaxcalculator.interestcalculator.Section234BInterestCalculator - 90% tax not paid before 31st march of financial year, hence Section234B interest is applicable.
2025-12-25 13:45:56 [main] DEBUG com.incometaxcalculator.interestcalculator.Section234BInterestCalculator - Initial short fall : 70000.0
2025-12-25 13:45:56 [main] DEBUG com.incometaxcalculator.interestcalculator.Section234BInterestCalculator - Month: 2025-04 | Interest: 700.0 | Based on Shortfall: 70000.0
2025-12-25 13:45:56 [main] DEBUG com.incometaxcalculator.interestcalculator.Section234BInterestCalculator -    -> Payment detected: 5000.0 in 2025-04. Reduced Shortfall for next month: 65000.0
2025-12-25 13:45:56 [main] DEBUG com.incometaxcalculator.interestcalculator.Section234BInterestCalculator - Month: 2025-05 | Interest: 650.0 | Based on Shortfall: 65000.0
2025-12-25 13:45:56 [main] DEBUG com.incometaxcalculator.interestcalculator.Section234BInterestCalculator -    -> Payment detected: 5000.0 in 2025-05. Reduced Shortfall for next month: 60000.0
2025-12-25 13:45:56 [main] DEBUG com.incometaxcalculator.interestcalculator.Section234BInterestCalculator - Month: 2025-06 | Interest: 600.0 | Based on Shortfall: 60000.0
2025-12-25 13:45:56 [main] DEBUG com.incometaxcalculator.interestcalculator.Section234BInterestCalculator -    -> Payment detected: 5000.0 in 2025-06. Reduced Shortfall for next month: 55000.0
2025-12-25 13:45:56 [main] DEBUG com.incometaxcalculator.interestcalculator.Section234BInterestCalculator - Month: 2025-07 | Interest: 550.0 | Based on Shortfall: 55000.0
2025-12-25 13:45:56 [main] DEBUG com.incometaxcalculator.interestcalculator.Section234BInterestCalculator -    -> Payment detected: 5000.0 in 2025-07. Reduced Shortfall for next month: 50000.0
2025-12-25 13:45:56 [main] DEBUG com.incometaxcalculator.interestcalculator.Section234BInterestCalculator - Total Interest to pay : 2500.0
2025-12-25 13:45:56 [main] DEBUG com.incometaxcalculator.interestcalculator.Section234BInterestCalculator - Exiting calculateinterest
2025-12-25 13:47:40 [main] DEBUG com.incometaxcalculator.interestcalculator.Section234BInterestCalculator - entering into calculateinterest
2025-12-25 13:47:40 [main] DEBUG com.incometaxcalculator.interestcalculator.Section234BInterestCalculator - dates in order : 2024-06-30
2025-12-25 13:47:40 [main] DEBUG com.incometaxcalculator.interestcalculator.Section234BInterestCalculator - dates in order : 2024-09-11
2025-12-25 13:47:40 [main] DEBUG com.incometaxcalculator.interestcalculator.Section234BInterestCalculator - dates in order : 2025-06-30
2025-12-25 13:47:40 [main] DEBUG com.incometaxcalculator.interestcalculator.Section234BInterestCalculator - Financial Year End Date : 2025-03-31
2025-12-25 13:47:40 [main] DEBUG com.incometaxcalculator.interestcalculator.Section234BInterestCalculator - Advance tax paid during financial year : 5000.0
2025-12-25 13:47:40 [main] INFO  com.incometaxcalculator.interestcalculator.Section234BInterestCalculator - 90% tax not paid before 31st march of financial year, hence Section234B interest is applicable.
2025-12-25 13:47:40 [main] DEBUG com.incometaxcalculator.interestcalculator.Section234BInterestCalculator - Initial short fall : 85000.0
2025-12-25 13:47:40 [main] DEBUG com.incometaxcalculator.interestcalculator.Section234BInterestCalculator - Month: 2025-04 | Interest: 850.0 | Based on Shortfall: 85000.0
2025-12-25 13:47:40 [main] DEBUG com.incometaxcalculator.interestcalculator.Section234BInterestCalculator - Month: 2025-05 | Interest: 850.0 | Based on Shortfall: 85000.0
2025-12-25 13:47:40 [main] DEBUG com.incometaxcalculator.interestcalculator.Section234BInterestCalculator - Month: 2025-06 | Interest: 850.0 | Based on Shortfall: 85000.0
2025-12-25 13:47:40 [main] DEBUG com.incometaxcalculator.interestcalculator.Section234BInterestCalculator -    -> Payment detected: 10000.0 in 2025-06. Reduced Shortfall for next month: 75000.0
2025-12-25 13:47:40 [main] DEBUG com.incometaxcalculator.interestcalculator.Section234BInterestCalculator - Month: 2025-07 | Interest: 750.0 | Based on Shortfall: 75000.0
2025-12-25 13:47:40 [main] DEBUG com.incometaxcalculator.interestcalculator.Section234BInterestCalculator - Total Interest to pay : 3300.0
2025-12-25 13:47:40 [main] DEBUG com.incometaxcalculator.interestcalculator.Section234BInterestCalculator - Exiting calculateinterest
2025-12-25 13:49:53 [main] DEBUG com.incometaxcalculator.interestcalculator.Section234BInterestCalculator - entering into calculateinterest
2025-12-25 13:49:53 [main] DEBUG com.incometaxcalculator.interestcalculator.Section234BInterestCalculator - dates in order : 2024-06-30
2025-12-25 13:49:53 [main] DEBUG com.incometaxcalculator.interestcalculator.Section234BInterestCalculator - dates in order : 2024-09-11
2025-12-25 13:49:53 [main] DEBUG com.incometaxcalculator.interestcalculator.Section234BInterestCalculator - dates in order : 2025-08-30
2025-12-25 13:49:53 [main] DEBUG com.incometaxcalculator.interestcalculator.Section234BInterestCalculator - dates in order : 2025-10-30
2025-12-25 13:49:53 [main] DEBUG com.incometaxcalculator.interestcalculator.Section234BInterestCalculator - Financial Year End Date : 2025-03-31
2025-12-25 13:49:53 [main] DEBUG com.incometaxcalculator.interestcalculator.Section234BInterestCalculator - Advance tax paid during financial year : 0.0
2025-12-25 13:49:53 [main] INFO  com.incometaxcalculator.interestcalculator.Section234BInterestCalculator - 90% tax not paid before 31st march of financial year, hence Section234B interest is applicable.
2025-12-25 13:49:53 [main] DEBUG com.incometaxcalculator.interestcalculator.Section234BInterestCalculator - Initial short fall : 50000.0
2025-12-25 13:49:53 [main] DEBUG com.incometaxcalculator.interestcalculator.Section234BInterestCalculator - Month: 2025-04 | Interest: 500.0 | Based on Shortfall: 50000.0
2025-12-25 13:49:53 [main] DEBUG com.incometaxcalculator.interestcalculator.Section234BInterestCalculator - Month: 2025-05 | Interest: 500.0 | Based on Shortfall: 50000.0
2025-12-25 13:49:53 [main] DEBUG com.incometaxcalculator.interestcalculator.Section234BInterestCalculator - Month: 2025-06 | Interest: 500.0 | Based on Shortfall: 50000.0
2025-12-25 13:49:53 [main] DEBUG com.incometaxcalculator.interestcalculator.Section234BInterestCalculator - Month: 2025-07 | Interest: 500.0 | Based on Shortfall: 50000.0
2025-12-25 13:49:53 [main] DEBUG com.incometaxcalculator.interestcalculator.Section234BInterestCalculator - Month: 2025-08 | Interest: 500.0 | Based on Shortfall: 50000.0
2025-12-25 13:49:53 [main] DEBUG com.incometaxcalculator.interestcalculator.Section234BInterestCalculator -    -> Payment detected: 20000.0 in 2025-08. Reduced Shortfall for next month: 30000.0
2025-12-25 13:49:53 [main] DEBUG com.incometaxcalculator.interestcalculator.Section234BInterestCalculator - Month: 2025-09 | Interest: 300.0 | Based on Shortfall: 30000.0
2025-12-25 13:49:53 [main] DEBUG com.incometaxcalculator.interestcalculator.Section234BInterestCalculator - Month: 2025-10 | Interest: 300.0 | Based on Shortfall: 30000.0
2025-12-25 13:49:53 [main] DEBUG com.incometaxcalculator.interestcalculator.Section234BInterestCalculator -    -> Payment detected: 20000.0 in 2025-10. Reduced Shortfall for next month: 10000.0
2025-12-25 13:49:53 [main] DEBUG com.incometaxcalculator.interestcalculator.Section234BInterestCalculator - Month: 2025-11 | Interest: 100.0 | Based on Shortfall: 10000.0
2025-12-25 13:49:53 [main] DEBUG com.incometaxcalculator.interestcalculator.Section234BInterestCalculator - Total Interest to pay : 3200.0
2025-12-25 13:49:53 [main] DEBUG com.incometaxcalculator.interestcalculator.Section234BInterestCalculator - Exiting calculateinterest
2025-12-25 13:49:57 [main] DEBUG com.incometaxcalculator.interestcalculator.Section234BInterestCalculator - entering into calculateinterest
2025-12-25 13:49:57 [main] DEBUG com.incometaxcalculator.interestcalculator.Section234BInterestCalculator - dates in order : 2024-06-30
2025-12-25 13:49:57 [main] DEBUG com.incometaxcalculator.interestcalculator.Section234BInterestCalculator - dates in order : 2024-09-11
2025-12-25 13:49:57 [main] DEBUG com.incometaxcalculator.interestcalculator.Section234BInterestCalculator - dates in order : 2025-08-30
2025-12-25 13:49:57 [main] DEBUG com.incometaxcalculator.interestcalculator.Section234BInterestCalculator - dates in order : 2025-10-30
2025-12-25 13:49:57 [main] DEBUG com.incometaxcalculator.interestcalculator.Section234BInterestCalculator - Financial Year End Date : 2025-03-31
2025-12-25 13:49:57 [main] DEBUG com.incometaxcalculator.interestcalculator.Section234BInterestCalculator - Advance tax paid during financial year : 0.0
2025-12-25 13:49:57 [main] INFO  com.incometaxcalculator.interestcalculator.Section234BInterestCalculator - 90% tax not paid before 31st march of financial year, hence Section234B interest is applicable.
2025-12-25 13:49:57 [main] DEBUG com.incometaxcalculator.interestcalculator.Section234BInterestCalculator - Initial short fall : 50000.0
2025-12-25 13:49:57 [main] DEBUG com.incometaxcalculator.interestcalculator.Section234BInterestCalculator - Month: 2025-04 | Interest: 500.0 | Based on Shortfall: 50000.0
2025-12-25 13:49:57 [main] DEBUG com.incometaxcalculator.interestcalculator.Section234BInterestCalculator - Month: 2025-05 | Interest: 500.0 | Based on Shortfall: 50000.0
2025-12-25 13:49:57 [main] DEBUG com.incometaxcalculator.interestcalculator.Section234BInterestCalculator - Month: 2025-06 | Interest: 500.0 | Based on Shortfall: 50000.0
2025-12-25 13:49:57 [main] DEBUG com.incometaxcalculator.interestcalculator.Section234BInterestCalculator - Month: 2025-07 | Interest: 500.0 | Based on Shortfall: 50000.0
2025-12-25 13:49:57 [main] DEBUG com.incometaxcalculator.interestcalculator.Section234BInterestCalculator - Month: 2025-08 | Interest: 500.0 | Based on Shortfall: 50000.0
2025-12-25 13:49:57 [main] DEBUG com.incometaxcalculator.interestcalculator.Section234BInterestCalculator -    -> Payment detected: 20000.0 in 2025-08. Reduced Shortfall for next month: 30000.0
2025-12-25 13:49:57 [main] DEBUG com.incometaxcalculator.interestcalculator.Section234BInterestCalculator - Month: 2025-09 | Interest: 300.0 | Based on Shortfall: 30000.0
2025-12-25 13:49:57 [main] DEBUG com.incometaxcalculator.interestcalculator.Section234BInterestCalculator - Month: 2025-10 | Interest: 300.0 | Based on Shortfall: 30000.0
2025-12-25 13:49:57 [main] DEBUG com.incometaxcalculator.interestcalculator.Section234BInterestCalculator -    -> Payment detected: 20000.0 in 2025-10. Reduced Shortfall for next month: 10000.0
2025-12-25 13:49:57 [main] DEBUG com.incometaxcalculator.interestcalculator.Section234BInterestCalculator - Month: 2025-11 | Interest: 100.0 | Based on Shortfall: 10000.0
2025-12-25 13:49:57 [main] DEBUG com.incometaxcalculator.interestcalculator.Section234BInterestCalculator - Total Interest to pay : 3200.0
2025-12-25 13:49:57 [main] DEBUG com.incometaxcalculator.interestcalculator.Section234BInterestCalculator - Exiting calculateinterest
2025-12-25 13:51:27 [main] DEBUG com.incometaxcalculator.interestcalculator.Section234BInterestCalculator - entering into calculateinterest
2025-12-25 13:51:27 [main] DEBUG com.incometaxcalculator.interestcalculator.Section234BInterestCalculator - dates in order : 2024-06-30
2025-12-25 13:51:27 [main] DEBUG com.incometaxcalculator.interestcalculator.Section234BInterestCalculator - dates in order : 2024-09-11
2025-12-25 13:51:27 [main] DEBUG com.incometaxcalculator.interestcalculator.Section234BInterestCalculator - dates in order : 2025-05-31
2025-12-25 13:51:27 [main] DEBUG com.incometaxcalculator.interestcalculator.Section234BInterestCalculator - Financial Year End Date : 2025-03-31
2025-12-25 13:51:27 [main] DEBUG com.incometaxcalculator.interestcalculator.Section234BInterestCalculator - Advance tax paid during financial year : 100000.0
2025-12-25 13:51:27 [main] INFO  com.incometaxcalculator.interestcalculator.Section234BInterestCalculator - 90% tax not paid before 31st march of financial year, hence Section234B interest is applicable.
2025-12-25 13:51:27 [main] DEBUG com.incometaxcalculator.interestcalculator.Section234BInterestCalculator - Initial short fall : 100000.0
2025-12-25 13:51:27 [main] DEBUG com.incometaxcalculator.interestcalculator.Section234BInterestCalculator - Month: 2025-04 | Interest: 1000.0 | Based on Shortfall: 100000.0
2025-12-25 13:51:27 [main] DEBUG com.incometaxcalculator.interestcalculator.Section234BInterestCalculator - Month: 2025-05 | Interest: 1000.0 | Based on Shortfall: 100000.0
2025-12-25 13:51:27 [main] DEBUG com.incometaxcalculator.interestcalculator.Section234BInterestCalculator -    -> Payment detected: 80000.0 in 2025-05. Reduced Shortfall for next month: 20000.0
2025-12-25 13:51:27 [main] DEBUG com.incometaxcalculator.interestcalculator.Section234BInterestCalculator - Month: 2025-06 | Interest: 200.0 | Based on Shortfall: 20000.0
2025-12-25 13:51:27 [main] DEBUG com.incometaxcalculator.interestcalculator.Section234BInterestCalculator - Month: 2025-07 | Interest: 200.0 | Based on Shortfall: 20000.0
2025-12-25 13:51:27 [main] DEBUG com.incometaxcalculator.interestcalculator.Section234BInterestCalculator - Month: 2025-08 | Interest: 200.0 | Based on Shortfall: 20000.0
2025-12-25 13:51:27 [main] DEBUG com.incometaxcalculator.interestcalculator.Section234BInterestCalculator - Month: 2025-09 | Interest: 200.0 | Based on Shortfall: 20000.0
2025-12-25 13:51:27 [main] DEBUG com.incometaxcalculator.interestcalculator.Section234BInterestCalculator - Total Interest to pay : 2800.0
2025-12-25 13:51:27 [main] DEBUG com.incometaxcalculator.interestcalculator.Section234BInterestCalculator - Exiting calculateinterest
2025-12-25 13:53:50 [main] DEBUG com.incometaxcalculator.interestcalculator.Section234BInterestCalculator - entering into calculateinterest
2025-12-25 13:53:50 [main] DEBUG com.incometaxcalculator.interestcalculator.Section234BInterestCalculator - dates in order : 2024-07-02
2025-12-25 13:53:50 [main] DEBUG com.incometaxcalculator.interestcalculator.Section234BInterestCalculator - dates in order : 2024-08-11
2025-12-25 13:53:50 [main] DEBUG com.incometaxcalculator.interestcalculator.Section234BInterestCalculator - dates in order : 2024-09-11
2025-12-25 13:53:50 [main] DEBUG com.incometaxcalculator.interestcalculator.Section234BInterestCalculator - dates in order : 2025-06-30
2025-12-25 13:53:50 [main] DEBUG com.incometaxcalculator.interestcalculator.Section234BInterestCalculator - Financial Year End Date : 2025-03-31
2025-12-25 13:53:50 [main] DEBUG com.incometaxcalculator.interestcalculator.Section234BInterestCalculator - Advance tax paid during financial year : 25000.0
2025-12-25 13:53:50 [main] INFO  com.incometaxcalculator.interestcalculator.Section234BInterestCalculator - 90% tax not paid before 31st march of financial year, hence Section234B interest is applicable.
2025-12-25 13:53:50 [main] DEBUG com.incometaxcalculator.interestcalculator.Section234BInterestCalculator - Initial short fall : 65000.0
2025-12-25 13:53:50 [main] DEBUG com.incometaxcalculator.interestcalculator.Section234BInterestCalculator - Month: 2025-04 | Interest: 650.0 | Based on Shortfall: 65000.0
2025-12-25 13:53:50 [main] DEBUG com.incometaxcalculator.interestcalculator.Section234BInterestCalculator - Month: 2025-05 | Interest: 650.0 | Based on Shortfall: 65000.0
2025-12-25 13:53:50 [main] DEBUG com.incometaxcalculator.interestcalculator.Section234BInterestCalculator - Month: 2025-06 | Interest: 650.0 | Based on Shortfall: 65000.0
2025-12-25 13:53:50 [main] DEBUG com.incometaxcalculator.interestcalculator.Section234BInterestCalculator -    -> Payment detected: 5000.0 in 2025-06. Reduced Shortfall for next month: 60000.0
2025-12-25 13:53:50 [main] DEBUG com.incometaxcalculator.interestcalculator.Section234BInterestCalculator - Month: 2025-07 | Interest: 600.0 | Based on Shortfall: 60000.0
2025-12-25 13:53:50 [main] DEBUG com.incometaxcalculator.interestcalculator.Section234BInterestCalculator - Total Interest to pay : 2550.0
2025-12-25 13:53:50 [main] DEBUG com.incometaxcalculator.interestcalculator.Section234BInterestCalculator - Exiting calculateinterest
2025-12-25 14:00:35 [main] DEBUG com.incometaxcalculator.interestcalculator.Section234BInterestCalculator - entering into calculateinterest
2025-12-25 14:00:35 [main] DEBUG com.incometaxcalculator.interestcalculator.Section234BInterestCalculator - dates in order : 2024-08-11
2025-12-25 14:00:35 [main] DEBUG com.incometaxcalculator.interestcalculator.Section234BInterestCalculator - dates in order : 2024-09-11
2025-12-25 14:00:35 [main] DEBUG com.incometaxcalculator.interestcalculator.Section234BInterestCalculator - dates in order : 2025-06-30
2025-12-25 14:00:35 [main] DEBUG com.incometaxcalculator.interestcalculator.Section234BInterestCalculator - dates in order : 2025-07-02
2025-12-25 14:00:35 [main] DEBUG com.incometaxcalculator.interestcalculator.Section234BInterestCalculator - Financial Year End Date : 2025-03-31
2025-12-25 14:00:35 [main] DEBUG com.incometaxcalculator.interestcalculator.Section234BInterestCalculator - Advance tax paid during financial year : 20000.0
2025-12-25 14:00:35 [main] INFO  com.incometaxcalculator.interestcalculator.Section234BInterestCalculator - 90% tax not paid before 31st march of financial year, hence Section234B interest is applicable.
2025-12-25 14:00:35 [main] DEBUG com.incometaxcalculator.interestcalculator.Section234BInterestCalculator - Initial short fall : 70000.0
2025-12-25 14:00:35 [main] DEBUG com.incometaxcalculator.interestcalculator.Section234BInterestCalculator - Month: 2025-04 | Interest: 700.0 | Based on Shortfall: 70000.0
2025-12-25 14:00:35 [main] DEBUG com.incometaxcalculator.interestcalculator.Section234BInterestCalculator - Month: 2025-05 | Interest: 700.0 | Based on Shortfall: 70000.0
2025-12-25 14:00:35 [main] DEBUG com.incometaxcalculator.interestcalculator.Section234BInterestCalculator - Month: 2025-06 | Interest: 700.0 | Based on Shortfall: 70000.0
2025-12-25 14:00:35 [main] DEBUG com.incometaxcalculator.interestcalculator.Section234BInterestCalculator -    -> Payment detected: 5000.0 in 2025-06. Reduced Shortfall for next month: 65000.0
2025-12-25 14:00:35 [main] DEBUG com.incometaxcalculator.interestcalculator.Section234BInterestCalculator - Month: 2025-07 | Interest: 650.0 | Based on Shortfall: 65000.0
2025-12-25 14:00:35 [main] DEBUG com.incometaxcalculator.interestcalculator.Section234BInterestCalculator -    -> Payment detected: 5000.0 in 2025-07. Reduced Shortfall for next month: 60000.0
2025-12-25 14:00:35 [main] DEBUG com.incometaxcalculator.interestcalculator.Section234BInterestCalculator - Total Interest to pay : 2750.0
2025-12-25 14:00:35 [main] DEBUG com.incometaxcalculator.interestcalculator.Section234BInterestCalculator - Exiting calculateinterest
2025-12-25 14:03:11 [main] DEBUG com.incometaxcalculator.interestcalculator.Section234BInterestCalculator - entering into calculateinterest
2025-12-25 14:03:11 [main] DEBUG com.incometaxcalculator.interestcalculator.Section234BInterestCalculator - dates in order : 2024-08-11
2025-12-25 14:03:11 [main] DEBUG com.incometaxcalculator.interestcalculator.Section234BInterestCalculator - dates in order : 2024-09-11
2025-12-25 14:03:11 [main] DEBUG com.incometaxcalculator.interestcalculator.Section234BInterestCalculator - dates in order : 2025-05-30
2025-12-25 14:03:11 [main] DEBUG com.incometaxcalculator.interestcalculator.Section234BInterestCalculator - dates in order : 2025-06-02
2025-12-25 14:03:11 [main] DEBUG com.incometaxcalculator.interestcalculator.Section234BInterestCalculator - Financial Year End Date : 2025-03-31
2025-12-25 14:03:11 [main] DEBUG com.incometaxcalculator.interestcalculator.Section234BInterestCalculator - Advance tax paid during financial year : 20000.0
2025-12-25 14:03:11 [main] INFO  com.incometaxcalculator.interestcalculator.Section234BInterestCalculator - 90% tax not paid before 31st march of financial year, hence Section234B interest is applicable.
2025-12-25 14:03:11 [main] DEBUG com.incometaxcalculator.interestcalculator.Section234BInterestCalculator - Initial short fall : 70000.0
2025-12-25 14:03:11 [main] DEBUG com.incometaxcalculator.interestcalculator.Section234BInterestCalculator - Month: 2025-04 | Interest: 700.0 | Based on Shortfall: 70000.0
2025-12-25 14:03:11 [main] DEBUG com.incometaxcalculator.interestcalculator.Section234BInterestCalculator - Month: 2025-05 | Interest: 700.0 | Based on Shortfall: 70000.0
2025-12-25 14:03:11 [main] DEBUG com.incometaxcalculator.interestcalculator.Section234BInterestCalculator -    -> Payment detected: 5000.0 in 2025-05. Reduced Shortfall for next month: 65000.0
2025-12-25 14:03:11 [main] DEBUG com.incometaxcalculator.interestcalculator.Section234BInterestCalculator - Month: 2025-06 | Interest: 650.0 | Based on Shortfall: 65000.0
2025-12-25 14:03:11 [main] DEBUG com.incometaxcalculator.interestcalculator.Section234BInterestCalculator -    -> Payment detected: 5000.0 in 2025-06. Reduced Shortfall for next month: 60000.0
2025-12-25 14:03:11 [main] DEBUG com.incometaxcalculator.interestcalculator.Section234BInterestCalculator - Month: 2025-07 | Interest: 600.0 | Based on Shortfall: 60000.0
2025-12-25 14:03:11 [main] DEBUG com.incometaxcalculator.interestcalculator.Section234BInterestCalculator - Total Interest to pay : 2650.0
2025-12-25 14:03:11 [main] DEBUG com.incometaxcalculator.interestcalculator.Section234BInterestCalculator - Exiting calculateinterest
2025-12-25 16:31:15 [main] DEBUG com.incometaxcalculator.interestcalculator.Section234BInterestCalculator - entering into calculateinterest
2025-12-25 16:31:15 [main] DEBUG com.incometaxcalculator.interestcalculator.Section234BInterestCalculator - dates in order : 2024-08-11
2025-12-25 16:31:15 [main] DEBUG com.incometaxcalculator.interestcalculator.Section234BInterestCalculator - dates in order : 2024-09-11
2025-12-25 16:31:15 [main] DEBUG com.incometaxcalculator.interestcalculator.Section234BInterestCalculator - dates in order : 2025-05-30
2025-12-25 16:31:15 [main] DEBUG com.incometaxcalculator.interestcalculator.Section234BInterestCalculator - dates in order : 2025-06-02
2025-12-25 16:31:15 [main] DEBUG com.incometaxcalculator.interestcalculator.Section234BInterestCalculator - Financial Year End Date : 2025-03-31
2025-12-25 16:31:15 [main] DEBUG com.incometaxcalculator.interestcalculator.Section234BInterestCalculator - Advance tax paid during financial year : 20000.0
2025-12-25 16:31:15 [main] INFO  com.incometaxcalculator.interestcalculator.Section234BInterestCalculator - 90% tax not paid before 31st march of financial year, hence Section234B interest is applicable.
2025-12-25 16:31:15 [main] DEBUG com.incometaxcalculator.interestcalculator.Section234BInterestCalculator - Initial short fall : 70000.0
2025-12-25 16:31:15 [main] DEBUG com.incometaxcalculator.interestcalculator.Section234BInterestCalculator - Month: 2025-04 | Interest: 700.0 | Based on Shortfall: 70000.0
2025-12-25 16:31:15 [main] DEBUG com.incometaxcalculator.interestcalculator.Section234BInterestCalculator - Month: 2025-05 | Interest: 700.0 | Based on Shortfall: 70000.0
2025-12-25 16:31:15 [main] DEBUG com.incometaxcalculator.interestcalculator.Section234BInterestCalculator -    -> Payment detected: 5000.0 in 2025-05. Reduced Shortfall for next month: 65000.0
2025-12-25 16:31:15 [main] DEBUG com.incometaxcalculator.interestcalculator.Section234BInterestCalculator - Month: 2025-06 | Interest: 650.0 | Based on Shortfall: 65000.0
2025-12-25 16:31:15 [main] DEBUG com.incometaxcalculator.interestcalculator.Section234BInterestCalculator -    -> Payment detected: 5000.0 in 2025-06. Reduced Shortfall for next month: 60000.0
2025-12-25 16:31:15 [main] DEBUG com.incometaxcalculator.interestcalculator.Section234BInterestCalculator - Month: 2025-07 | Interest: 600.0 | Based on Shortfall: 60000.0
2025-12-25 16:31:15 [main] DEBUG com.incometaxcalculator.interestcalculator.Section234BInterestCalculator - Total Interest to pay : 2650.0
2025-12-25 16:31:15 [main] DEBUG com.incometaxcalculator.interestcalculator.Section234BInterestCalculator - Exiting calculateinterest
2025-12-25 21:27:07 [main] DEBUG com.incometaxcalculator.interestcalculator.Section234BInterestCalculator - entering into calculateinterest
2025-12-25 21:27:07 [main] DEBUG com.incometaxcalculator.interestcalculator.Section234BInterestCalculator - dates in order : 2024-08-11
2025-12-25 21:27:07 [main] DEBUG com.incometaxcalculator.interestcalculator.Section234BInterestCalculator - dates in order : 2024-09-11
2025-12-25 21:27:07 [main] DEBUG com.incometaxcalculator.interestcalculator.Section234BInterestCalculator - dates in order : 2025-05-30
2025-12-25 21:27:07 [main] DEBUG com.incometaxcalculator.interestcalculator.Section234BInterestCalculator - dates in order : 2025-06-02
2025-12-25 21:27:07 [main] DEBUG com.incometaxcalculator.interestcalculator.Section234BInterestCalculator - Financial Year End Date : 2025-03-31
2025-12-25 21:27:07 [main] DEBUG com.incometaxcalculator.interestcalculator.Section234BInterestCalculator - Advance tax paid during financial year : 20000.0
2025-12-25 21:27:07 [main] INFO  com.incometaxcalculator.interestcalculator.Section234BInterestCalculator - 90% tax not paid before 31st march of financial year, hence Section234B interest is applicable.
2025-12-25 21:27:07 [main] DEBUG com.incometaxcalculator.interestcalculator.Section234BInterestCalculator - Initial short fall : 70000.0
2025-12-25 21:27:07 [main] DEBUG com.incometaxcalculator.interestcalculator.Section234BInterestCalculator - Month: 2025-04 | Interest: 700.0 | Based on Shortfall: 70000.0
2025-12-25 21:27:07 [main] DEBUG com.incometaxcalculator.interestcalculator.Section234BInterestCalculator - Month: 2025-05 | Interest: 700.0 | Based on Shortfall: 70000.0
2025-12-25 21:27:07 [main] DEBUG com.incometaxcalculator.interestcalculator.Section234BInterestCalculator -    -> Payment detected: 5000.0 in 2025-05. Reduced Shortfall for next month: 65000.0
2025-12-25 21:27:07 [main] DEBUG com.incometaxcalculator.interestcalculator.Section234BInterestCalculator - Month: 2025-06 | Interest: 650.0 | Based on Shortfall: 65000.0
2025-12-25 21:27:07 [main] DEBUG com.incometaxcalculator.interestcalculator.Section234BInterestCalculator -    -> Payment detected: 5000.0 in 2025-06. Reduced Shortfall for next month: 60000.0
2025-12-25 21:27:07 [main] DEBUG com.incometaxcalculator.interestcalculator.Section234BInterestCalculator - Month: 2025-07 | Interest: 600.0 | Based on Shortfall: 60000.0
2025-12-25 21:27:07 [main] DEBUG com.incometaxcalculator.interestcalculator.Section234BInterestCalculator - Total Interest to pay : 2650.0
2025-12-25 21:27:07 [main] DEBUG com.incometaxcalculator.interestcalculator.Section234BInterestCalculator - Exiting calculateinterest
2025-12-25 21:43:42 [main] DEBUG com.incometaxcalculator.interestcalculator.Section234BInterestCalculator - entering into calculateinterest
2025-12-25 21:43:42 [main] DEBUG com.incometaxcalculator.interestcalculator.Section234BInterestCalculator - Advance tax in order : [com.incometaxcalculator.model.AdvanceTax@35aea049, com.incometaxcalculator.model.AdvanceTax@7205765b, com.incometaxcalculator.model.AdvanceTax@47987356, com.incometaxcalculator.model.AdvanceTax@22ef9844]
2025-12-25 21:43:42 [main] DEBUG com.incometaxcalculator.interestcalculator.Section234BInterestCalculator - Financial Year End Date : 2025-03-31
2025-12-25 21:43:42 [main] DEBUG com.incometaxcalculator.interestcalculator.Section234BInterestCalculator - Advance tax paid during financial year : 20000.0
2025-12-25 21:43:42 [main] INFO  com.incometaxcalculator.interestcalculator.Section234BInterestCalculator - 90% tax not paid before 31st march of financial year, hence Section234B interest is applicable.
2025-12-25 21:43:42 [main] DEBUG com.incometaxcalculator.interestcalculator.Section234BInterestCalculator - Initial short fall : 70000.0
2025-12-25 21:43:42 [main] DEBUG com.incometaxcalculator.interestcalculator.Section234BInterestCalculator - Month: 2025-04 | Interest: 700.0 | Based on Shortfall: 70000.0
2025-12-25 21:43:42 [main] DEBUG com.incometaxcalculator.interestcalculator.Section234BInterestCalculator - Month: 2025-05 | Interest: 700.0 | Based on Shortfall: 70000.0
2025-12-25 21:43:42 [main] DEBUG com.incometaxcalculator.interestcalculator.Section234BInterestCalculator -    -> Payment detected: 5000.0 in 2025-05. Reduced Shortfall for next month: 65000.0
2025-12-25 21:43:42 [main] DEBUG com.incometaxcalculator.interestcalculator.Section234BInterestCalculator - Month: 2025-06 | Interest: 650.0 | Based on Shortfall: 65000.0
2025-12-25 21:43:42 [main] DEBUG com.incometaxcalculator.interestcalculator.Section234BInterestCalculator -    -> Payment detected: 5000.0 in 2025-06. Reduced Shortfall for next month: 60000.0
2025-12-25 21:43:42 [main] DEBUG com.incometaxcalculator.interestcalculator.Section234BInterestCalculator - Month: 2025-07 | Interest: 600.0 | Based on Shortfall: 60000.0
2025-12-25 21:43:42 [main] DEBUG com.incometaxcalculator.interestcalculator.Section234BInterestCalculator - Total Interest to pay : 2650.0
2025-12-25 21:43:42 [main] DEBUG com.incometaxcalculator.interestcalculator.Section234BInterestCalculator - Exiting calculateinterest
2025-12-25 21:44:24 [main] DEBUG com.incometaxcalculator.interestcalculator.Section234BInterestCalculator - entering into calculateinterest
2025-12-25 21:44:24 [main] DEBUG com.incometaxcalculator.interestcalculator.Section234BInterestCalculator - Advance tax in order : [com.incometaxcalculator.model.AdvanceTax@35aea049, com.incometaxcalculator.model.AdvanceTax@7205765b, com.incometaxcalculator.model.AdvanceTax@47987356, com.incometaxcalculator.model.AdvanceTax@22ef9844]
2025-12-25 21:44:24 [main] DEBUG com.incometaxcalculator.interestcalculator.Section234BInterestCalculator - Financial Year End Date : 2025-03-31
2025-12-25 21:44:24 [main] DEBUG com.incometaxcalculator.interestcalculator.Section234BInterestCalculator - Advance tax paid during financial year : 10000.0
2025-12-25 21:44:24 [main] INFO  com.incometaxcalculator.interestcalculator.Section234BInterestCalculator - 90% tax not paid before 31st march of financial year, hence Section234B interest is applicable.
2025-12-25 21:44:24 [main] DEBUG com.incometaxcalculator.interestcalculator.Section234BInterestCalculator - Initial short fall : 80000.0
2025-12-25 21:44:24 [main] DEBUG com.incometaxcalculator.interestcalculator.Section234BInterestCalculator - Month: 2025-04 | Interest: 800.0 | Based on Shortfall: 80000.0
2025-12-25 21:44:24 [main] DEBUG com.incometaxcalculator.interestcalculator.Section234BInterestCalculator - Month: 2025-05 | Interest: 800.0 | Based on Shortfall: 80000.0
2025-12-25 21:44:24 [main] DEBUG com.incometaxcalculator.interestcalculator.Section234BInterestCalculator -    -> Payment detected: 5000.0 in 2025-05. Reduced Shortfall for next month: 75000.0
2025-12-25 21:44:24 [main] DEBUG com.incometaxcalculator.interestcalculator.Section234BInterestCalculator - Month: 2025-06 | Interest: 750.0 | Based on Shortfall: 75000.0
2025-12-25 21:44:24 [main] DEBUG com.incometaxcalculator.interestcalculator.Section234BInterestCalculator -    -> Payment detected: 5000.0 in 2025-06. Reduced Shortfall for next month: 70000.0
2025-12-25 21:44:24 [main] DEBUG com.incometaxcalculator.interestcalculator.Section234BInterestCalculator - Month: 2025-07 | Interest: 700.0 | Based on Shortfall: 70000.0
2025-12-25 21:44:24 [main] DEBUG com.incometaxcalculator.interestcalculator.Section234BInterestCalculator - Total Interest to pay : 3050.0
2025-12-25 21:44:24 [main] DEBUG com.incometaxcalculator.interestcalculator.Section234BInterestCalculator - Exiting calculateinterest
2025-12-25 21:57:28 [main] DEBUG com.incometaxcalculator.interestcalculator.Section234BInterestCalculator - entering into calculateinterest
2025-12-25 21:57:28 [main] DEBUG com.incometaxcalculator.interestcalculator.Section234BInterestCalculator - Advance tax in order : [AdvanceTax{advanceTax=10000.0, advanceTaxPaidDate='2024-09-11'}, AdvanceTax{advanceTax=10000.0, advanceTaxPaidDate='2025-03-31'}, AdvanceTax{advanceTax=5000.0, advanceTaxPaidDate='2025-05-30'}, AdvanceTax{advanceTax=5000.0, advanceTaxPaidDate='2025-06-02'}]
2025-12-25 21:57:28 [main] DEBUG com.incometaxcalculator.interestcalculator.Section234BInterestCalculator - Financial Year End Date : 2025-03-31
2025-12-25 21:57:28 [main] DEBUG com.incometaxcalculator.interestcalculator.Section234BInterestCalculator - Advance tax paid during financial year : 20000.0
2025-12-25 21:57:28 [main] INFO  com.incometaxcalculator.interestcalculator.Section234BInterestCalculator - 90% tax not paid before 31st march of financial year, hence Section234B interest is applicable.
2025-12-25 21:57:28 [main] DEBUG com.incometaxcalculator.interestcalculator.Section234BInterestCalculator - Initial short fall : 70000.0
2025-12-25 21:57:28 [main] DEBUG com.incometaxcalculator.interestcalculator.Section234BInterestCalculator - Month: 2025-04 | Interest: 700.0 | Based on Shortfall: 70000.0
2025-12-25 21:57:28 [main] DEBUG com.incometaxcalculator.interestcalculator.Section234BInterestCalculator - Month: 2025-05 | Interest: 700.0 | Based on Shortfall: 70000.0
2025-12-25 21:57:28 [main] DEBUG com.incometaxcalculator.interestcalculator.Section234BInterestCalculator -    -> Payment detected: 5000.0 in 2025-05. Reduced Shortfall for next month: 65000.0
2025-12-25 21:57:28 [main] DEBUG com.incometaxcalculator.interestcalculator.Section234BInterestCalculator - Month: 2025-06 | Interest: 650.0 | Based on Shortfall: 65000.0
2025-12-25 21:57:28 [main] DEBUG com.incometaxcalculator.interestcalculator.Section234BInterestCalculator -    -> Payment detected: 5000.0 in 2025-06. Reduced Shortfall for next month: 60000.0
2025-12-25 21:57:28 [main] DEBUG com.incometaxcalculator.interestcalculator.Section234BInterestCalculator - Month: 2025-07 | Interest: 600.0 | Based on Shortfall: 60000.0
2025-12-25 21:57:28 [main] DEBUG com.incometaxcalculator.interestcalculator.Section234BInterestCalculator - Total Interest to pay : 2650.0
2025-12-25 21:57:28 [main] DEBUG com.incometaxcalculator.interestcalculator.Section234BInterestCalculator - Exiting calculateinterest
2025-12-25 21:59:13 [main] DEBUG com.incometaxcalculator.interestcalculator.Section234BInterestCalculator - entering into calculateinterest
2025-12-25 21:59:13 [main] DEBUG com.incometaxcalculator.interestcalculator.Section234BInterestCalculator - Advance tax in order : [AdvanceTax{advanceTax=10000.0, advanceTaxPaidDate='2024-09-11'}, AdvanceTax{advanceTax=10000.0, advanceTaxPaidDate='2025-03-31'}, AdvanceTax{advanceTax=5000.0, advanceTaxPaidDate='2025-05-30'}, AdvanceTax{advanceTax=5000.0, advanceTaxPaidDate='2025-06-02'}]
2025-12-25 21:59:13 [main] DEBUG com.incometaxcalculator.interestcalculator.Section234BInterestCalculator - Financial Year End Date : 2025-03-31
2025-12-25 21:59:13 [main] DEBUG com.incometaxcalculator.interestcalculator.Section234BInterestCalculator - Advance tax paid during financial year : 20000.0
2025-12-25 21:59:13 [main] INFO  com.incometaxcalculator.interestcalculator.Section234BInterestCalculator - 90% tax not paid before 31st march of financial year, hence Section234B interest is applicable.
2025-12-25 21:59:13 [main] DEBUG com.incometaxcalculator.interestcalculator.Section234BInterestCalculator - Initial short fall : 70000.0
2025-12-25 21:59:13 [main] DEBUG com.incometaxcalculator.interestcalculator.Section234BInterestCalculator - Month: 2025-04 | Interest: 700.0 | Based on Shortfall: 70000.0
2025-12-25 21:59:13 [main] DEBUG com.incometaxcalculator.interestcalculator.Section234BInterestCalculator - Month: 2025-05 | Interest: 700.0 | Based on Shortfall: 70000.0
2025-12-25 21:59:13 [main] DEBUG com.incometaxcalculator.interestcalculator.Section234BInterestCalculator -    -> Payment detected: 5000.0 in 2025-05. Reduced Shortfall for next month: 65000.0
2025-12-25 21:59:13 [main] DEBUG com.incometaxcalculator.interestcalculator.Section234BInterestCalculator - Month: 2025-06 | Interest: 650.0 | Based on Shortfall: 65000.0
2025-12-25 21:59:13 [main] DEBUG com.incometaxcalculator.interestcalculator.Section234BInterestCalculator -    -> Payment detected: 5000.0 in 2025-06. Reduced Shortfall for next month: 60000.0
2025-12-25 21:59:13 [main] DEBUG com.incometaxcalculator.interestcalculator.Section234BInterestCalculator - Month: 2025-07 | Interest: 600.0 | Based on Shortfall: 60000.0
2025-12-25 21:59:13 [main] DEBUG com.incometaxcalculator.interestcalculator.Section234BInterestCalculator - Total Interest to pay : 2650.0
2025-12-25 21:59:13 [main] DEBUG com.incometaxcalculator.interestcalculator.Section234BInterestCalculator - Exiting calculateinterest
2025-12-25 22:23:24 [main] DEBUG com.incometaxcalculator.interestcalculator.Section234AInterestCalculator - entering into calculateInterest for 234A
2025-12-25 22:23:24 [main] DEBUG com.incometaxcalculator.interestcalculator.Section234AInterestCalculator - Due Date : 2025-07-31
2025-12-25 22:23:24 [main] DEBUG com.incometaxcalculator.interestcalculator.Section234AInterestCalculator - diffInMonths: 0
2025-12-25 22:23:24 [main] INFO  com.incometaxcalculator.interestcalculator.Section234AInterestCalculator - Filing date is after due date, hence Section234A interest is applicable.
2025-12-25 22:23:24 [main] DEBUG com.incometaxcalculator.interestcalculator.Section234AInterestCalculator - Total Interest to pay : 0.0
2025-12-25 22:23:24 [main] DEBUG com.incometaxcalculator.interestcalculator.Section234AInterestCalculator - Exiting calculateInterest of 234A
2025-12-25 22:23:24 [main] DEBUG com.incometaxcalculator.interestcalculator.Section234BInterestCalculator - entering into calculateinterest
2025-12-25 22:23:24 [main] DEBUG com.incometaxcalculator.interestcalculator.Section234BInterestCalculator - Advance tax in order : [AdvanceTax{advanceTax=10000.0, advanceTaxPaidDate='2024-09-11'}, AdvanceTax{advanceTax=10000.0, advanceTaxPaidDate='2025-03-31'}, AdvanceTax{advanceTax=5000.0, advanceTaxPaidDate='2025-05-30'}, AdvanceTax{advanceTax=5000.0, advanceTaxPaidDate='2025-06-02'}]
2025-12-25 22:23:24 [main] DEBUG com.incometaxcalculator.interestcalculator.Section234BInterestCalculator - Financial Year End Date : 2025-03-31
2025-12-25 22:23:24 [main] DEBUG com.incometaxcalculator.interestcalculator.Section234BInterestCalculator - Advance tax paid during financial year : 20000.0
2025-12-25 22:23:24 [main] INFO  com.incometaxcalculator.interestcalculator.Section234BInterestCalculator - 90% tax not paid before 31st march of financial year, hence Section234B interest is applicable.
2025-12-25 22:23:24 [main] DEBUG com.incometaxcalculator.interestcalculator.Section234BInterestCalculator - Initial short fall : 2779320.8
2025-12-25 22:23:24 [main] DEBUG com.incometaxcalculator.interestcalculator.Section234BInterestCalculator - Month: 2025-04 | Interest: 27793.208 | Based on Shortfall: 2779320.8
2025-12-25 22:23:24 [main] DEBUG com.incometaxcalculator.interestcalculator.Section234BInterestCalculator - Month: 2025-05 | Interest: 27793.208 | Based on Shortfall: 2779320.8
2025-12-25 22:23:24 [main] DEBUG com.incometaxcalculator.interestcalculator.Section234BInterestCalculator -    -> Payment detected: 5000.0 in 2025-05. Reduced Shortfall for next month: 2774320.8
2025-12-25 22:23:24 [main] DEBUG com.incometaxcalculator.interestcalculator.Section234BInterestCalculator - Month: 2025-06 | Interest: 27743.208 | Based on Shortfall: 2774320.8
2025-12-25 22:23:24 [main] DEBUG com.incometaxcalculator.interestcalculator.Section234BInterestCalculator -    -> Payment detected: 5000.0 in 2025-06. Reduced Shortfall for next month: 2769320.8
2025-12-25 22:23:24 [main] DEBUG com.incometaxcalculator.interestcalculator.Section234BInterestCalculator - Month: 2025-07 | Interest: 27693.208 | Based on Shortfall: 2769320.8
2025-12-25 22:23:24 [main] DEBUG com.incometaxcalculator.interestcalculator.Section234BInterestCalculator - Total Interest to pay : 111022.832
2025-12-25 22:23:24 [main] DEBUG com.incometaxcalculator.interestcalculator.Section234BInterestCalculator - Exiting calculateinterest
2025-12-25 22:23:32 [main] DEBUG com.incometaxcalculator.interestcalculator.Section234AInterestCalculator - entering into calculateInterest for 234A
2025-12-25 22:23:32 [main] DEBUG com.incometaxcalculator.interestcalculator.Section234AInterestCalculator - Due Date : 2025-07-31
2025-12-25 22:23:32 [main] DEBUG com.incometaxcalculator.interestcalculator.Section234AInterestCalculator - diffInMonths: 0
2025-12-25 22:23:32 [main] INFO  com.incometaxcalculator.interestcalculator.Section234AInterestCalculator - Filing date is after due date, hence Section234A interest is applicable.
2025-12-25 22:23:32 [main] DEBUG com.incometaxcalculator.interestcalculator.Section234AInterestCalculator - Total Interest to pay : 0.0
2025-12-25 22:23:32 [main] DEBUG com.incometaxcalculator.interestcalculator.Section234AInterestCalculator - Exiting calculateInterest of 234A
2025-12-25 22:23:32 [main] DEBUG com.incometaxcalculator.interestcalculator.Section234BInterestCalculator - entering into calculateinterest
2025-12-25 22:23:32 [main] DEBUG com.incometaxcalculator.interestcalculator.Section234BInterestCalculator - Advance tax in order : [AdvanceTax{advanceTax=10000.0, advanceTaxPaidDate='2024-09-11'}, AdvanceTax{advanceTax=10000.0, advanceTaxPaidDate='2025-03-31'}, AdvanceTax{advanceTax=5000.0, advanceTaxPaidDate='2025-05-30'}, AdvanceTax{advanceTax=5000.0, advanceTaxPaidDate='2025-06-02'}]
2025-12-25 22:23:32 [main] DEBUG com.incometaxcalculator.interestcalculator.Section234BInterestCalculator - Financial Year End Date : 2025-03-31
2025-12-25 22:23:32 [main] DEBUG com.incometaxcalculator.interestcalculator.Section234BInterestCalculator - Advance tax paid during financial year : 20000.0
2025-12-25 22:23:32 [main] INFO  com.incometaxcalculator.interestcalculator.Section234BInterestCalculator - 90% tax not paid before 31st march of financial year, hence Section234B interest is applicable.
2025-12-25 22:23:32 [main] DEBUG com.incometaxcalculator.interestcalculator.Section234BInterestCalculator - Initial short fall : 2779320.8
2025-12-25 22:23:32 [main] DEBUG com.incometaxcalculator.interestcalculator.Section234BInterestCalculator - Month: 2025-04 | Interest: 27793.208 | Based on Shortfall: 2779320.8
2025-12-25 22:23:32 [main] DEBUG com.incometaxcalculator.interestcalculator.Section234BInterestCalculator - Month: 2025-05 | Interest: 27793.208 | Based on Shortfall: 2779320.8
2025-12-25 22:23:32 [main] DEBUG com.incometaxcalculator.interestcalculator.Section234BInterestCalculator -    -> Payment detected: 5000.0 in 2025-05. Reduced Shortfall for next month: 2774320.8
2025-12-25 22:23:32 [main] DEBUG com.incometaxcalculator.interestcalculator.Section234BInterestCalculator - Month: 2025-06 | Interest: 27743.208 | Based on Shortfall: 2774320.8
2025-12-25 22:23:32 [main] DEBUG com.incometaxcalculator.interestcalculator.Section234BInterestCalculator -    -> Payment detected: 5000.0 in 2025-06. Reduced Shortfall for next month: 2769320.8
2025-12-25 22:23:32 [main] DEBUG com.incometaxcalculator.interestcalculator.Section234BInterestCalculator - Month: 2025-07 | Interest: 27693.208 | Based on Shortfall: 2769320.8
2025-12-25 22:23:32 [main] DEBUG com.incometaxcalculator.interestcalculator.Section234BInterestCalculator - Total Interest to pay : 111022.832
2025-12-25 22:23:32 [main] DEBUG com.incometaxcalculator.interestcalculator.Section234BInterestCalculator - Exiting calculateinterest
2025-12-25 22:36:03 [main] DEBUG com.incometaxcalculator.interestcalculator.Section234AInterestCalculator - entering into calculateInterest for 234A
2025-12-25 22:36:03 [main] DEBUG com.incometaxcalculator.interestcalculator.Section234AInterestCalculator - Due Date : 2025-07-31
2025-12-25 22:36:03 [main] DEBUG com.incometaxcalculator.interestcalculator.Section234AInterestCalculator - diffInMonths: 0
2025-12-25 22:36:03 [main] INFO  com.incometaxcalculator.interestcalculator.Section234AInterestCalculator - Filing date is after due date, hence Section234A interest is applicable.
2025-12-25 22:36:03 [main] DEBUG com.incometaxcalculator.interestcalculator.Section234AInterestCalculator - Total Interest to pay : 0.0
2025-12-25 22:36:03 [main] DEBUG com.incometaxcalculator.interestcalculator.Section234AInterestCalculator - Exiting calculateInterest of 234A
2025-12-25 22:36:03 [main] DEBUG com.incometaxcalculator.interestcalculator.Section234BInterestCalculator - entering into calculateinterest
2025-12-25 22:36:03 [main] DEBUG com.incometaxcalculator.interestcalculator.Section234BInterestCalculator - Advance tax in order : [AdvanceTax{advanceTax=10000.0, advanceTaxPaidDate='2024-09-11'}, AdvanceTax{advanceTax=10000.0, advanceTaxPaidDate='2025-03-31'}, AdvanceTax{advanceTax=5000.0, advanceTaxPaidDate='2025-05-30'}, AdvanceTax{advanceTax=5000.0, advanceTaxPaidDate='2025-06-02'}]
2025-12-25 22:36:03 [main] DEBUG com.incometaxcalculator.interestcalculator.Section234BInterestCalculator - Financial Year End Date : 2025-03-31
2025-12-25 22:36:03 [main] DEBUG com.incometaxcalculator.interestcalculator.Section234BInterestCalculator - Advance tax paid during financial year : 20000.0
2025-12-25 22:36:03 [main] INFO  com.incometaxcalculator.interestcalculator.Section234BInterestCalculator - 90% tax not paid before 31st march of financial year, hence Section234B interest is applicable.
2025-12-25 22:36:03 [main] DEBUG com.incometaxcalculator.interestcalculator.Section234BInterestCalculator - Initial short fall : 2779320.8
2025-12-25 22:36:03 [main] DEBUG com.incometaxcalculator.interestcalculator.Section234BInterestCalculator - Month: 2025-04 | Interest: 27793.208 | Based on Shortfall: 2779320.8
2025-12-25 22:36:03 [main] DEBUG com.incometaxcalculator.interestcalculator.Section234BInterestCalculator - Month: 2025-05 | Interest: 27793.208 | Based on Shortfall: 2779320.8
2025-12-25 22:36:03 [main] DEBUG com.incometaxcalculator.interestcalculator.Section234BInterestCalculator -    -> Payment detected: 5000.0 in 2025-05. Reduced Shortfall for next month: 2774320.8
2025-12-25 22:36:03 [main] DEBUG com.incometaxcalculator.interestcalculator.Section234BInterestCalculator - Month: 2025-06 | Interest: 27743.208 | Based on Shortfall: 2774320.8
2025-12-25 22:36:03 [main] DEBUG com.incometaxcalculator.interestcalculator.Section234BInterestCalculator -    -> Payment detected: 5000.0 in 2025-06. Reduced Shortfall for next month: 2769320.8
2025-12-25 22:36:03 [main] DEBUG com.incometaxcalculator.interestcalculator.Section234BInterestCalculator - Month: 2025-07 | Interest: 27693.208 | Based on Shortfall: 2769320.8
2025-12-25 22:36:03 [main] DEBUG com.incometaxcalculator.interestcalculator.Section234BInterestCalculator - Total Interest to pay : 111022.832
2025-12-25 22:36:03 [main] DEBUG com.incometaxcalculator.interestcalculator.Section234BInterestCalculator - Exiting calculateinterest
2025-12-25 22:36:33 [main] DEBUG com.incometaxcalculator.interestcalculator.Section234AInterestCalculator - entering into calculateInterest for 234A
2025-12-25 22:36:33 [main] DEBUG com.incometaxcalculator.interestcalculator.Section234AInterestCalculator - Due Date : 2025-07-31
2025-12-25 22:36:33 [main] DEBUG com.incometaxcalculator.interestcalculator.Section234AInterestCalculator - diffInMonths: 0
2025-12-25 22:36:33 [main] INFO  com.incometaxcalculator.interestcalculator.Section234AInterestCalculator - Filing date is after due date, hence Section234A interest is applicable.
2025-12-25 22:36:33 [main] DEBUG com.incometaxcalculator.interestcalculator.Section234AInterestCalculator - Total Interest to pay : 0.0
2025-12-25 22:36:33 [main] DEBUG com.incometaxcalculator.interestcalculator.Section234AInterestCalculator - Exiting calculateInterest of 234A
2025-12-25 22:36:33 [main] DEBUG com.incometaxcalculator.interestcalculator.Section234BInterestCalculator - entering into calculateinterest
2025-12-25 22:36:33 [main] DEBUG com.incometaxcalculator.interestcalculator.Section234BInterestCalculator - Advance tax in order : [AdvanceTax{advanceTax=10000.0, advanceTaxPaidDate='2024-09-11'}, AdvanceTax{advanceTax=10000.0, advanceTaxPaidDate='2025-03-31'}, AdvanceTax{advanceTax=5000.0, advanceTaxPaidDate='2025-05-30'}, AdvanceTax{advanceTax=5000.0, advanceTaxPaidDate='2025-06-02'}]
2025-12-25 22:36:33 [main] DEBUG com.incometaxcalculator.interestcalculator.Section234BInterestCalculator - Financial Year End Date : 2025-03-31
2025-12-25 22:36:33 [main] DEBUG com.incometaxcalculator.interestcalculator.Section234BInterestCalculator - Advance tax paid during financial year : 20000.0
2025-12-25 22:36:33 [main] INFO  com.incometaxcalculator.interestcalculator.Section234BInterestCalculator - 90% tax not paid before 31st march of financial year, hence Section234B interest is applicable.
2025-12-25 22:36:33 [main] DEBUG com.incometaxcalculator.interestcalculator.Section234BInterestCalculator - Initial short fall : 2779320.8
2025-12-25 22:36:33 [main] DEBUG com.incometaxcalculator.interestcalculator.Section234BInterestCalculator - Month: 2025-04 | Interest: 27793.208 | Based on Shortfall: 2779320.8
2025-12-25 22:36:33 [main] DEBUG com.incometaxcalculator.interestcalculator.Section234BInterestCalculator - Month: 2025-05 | Interest: 27793.208 | Based on Shortfall: 2779320.8
2025-12-25 22:36:33 [main] DEBUG com.incometaxcalculator.interestcalculator.Section234BInterestCalculator -    -> Payment detected: 5000.0 in 2025-05. Reduced Shortfall for next month: 2774320.8
2025-12-25 22:36:33 [main] DEBUG com.incometaxcalculator.interestcalculator.Section234BInterestCalculator - Month: 2025-06 | Interest: 27743.208 | Based on Shortfall: 2774320.8
2025-12-25 22:36:33 [main] DEBUG com.incometaxcalculator.interestcalculator.Section234BInterestCalculator -    -> Payment detected: 5000.0 in 2025-06. Reduced Shortfall for next month: 2769320.8
2025-12-25 22:36:33 [main] DEBUG com.incometaxcalculator.interestcalculator.Section234BInterestCalculator - Month: 2025-07 | Interest: 27693.208 | Based on Shortfall: 2769320.8
2025-12-25 22:36:33 [main] DEBUG com.incometaxcalculator.interestcalculator.Section234BInterestCalculator - Total Interest to pay : 111022.832
2025-12-25 22:36:33 [main] DEBUG com.incometaxcalculator.interestcalculator.Section234BInterestCalculator - Exiting calculateinterest
2025-12-29 16:47:54 [main] DEBUG com.incometaxcalculator.interestcalculator.Section234AInterestCalculator - entering into calculateInterest for 234A
2025-12-29 16:47:54 [main] DEBUG com.incometaxcalculator.interestcalculator.Section234AInterestCalculator - Due Date : 2025-07-31
2025-12-29 16:47:54 [main] DEBUG com.incometaxcalculator.interestcalculator.Section234AInterestCalculator - diffInMonths: 0
2025-12-29 16:47:54 [main] INFO  com.incometaxcalculator.interestcalculator.Section234AInterestCalculator - Filing date is after due date, hence Section234A interest is applicable.
2025-12-29 16:47:54 [main] DEBUG com.incometaxcalculator.interestcalculator.Section234AInterestCalculator - Total Interest to pay : 0.0
2025-12-29 16:47:54 [main] DEBUG com.incometaxcalculator.interestcalculator.Section234AInterestCalculator - Exiting calculateInterest of 234A
2025-12-29 16:47:54 [main] DEBUG com.incometaxcalculator.interestcalculator.Section234BInterestCalculator - entering into calculateinterest
2025-12-29 16:47:54 [main] DEBUG com.incometaxcalculator.interestcalculator.Section234BInterestCalculator - Advance tax in order : [AdvanceTax{advanceTax=10000.0, advanceTaxPaidDate='2024-09-11'}, AdvanceTax{advanceTax=10000.0, advanceTaxPaidDate='2025-03-31'}, AdvanceTax{advanceTax=5000.0, advanceTaxPaidDate='2025-05-30'}, AdvanceTax{advanceTax=5000.0, advanceTaxPaidDate='2025-06-02'}]
2025-12-29 16:47:54 [main] DEBUG com.incometaxcalculator.interestcalculator.Section234BInterestCalculator - Financial Year End Date : 2025-03-31
2025-12-29 16:47:54 [main] DEBUG com.incometaxcalculator.interestcalculator.Section234BInterestCalculator - Advance tax paid during financial year : 20000.0
2025-12-29 16:47:54 [main] INFO  com.incometaxcalculator.interestcalculator.Section234BInterestCalculator - 90% tax not paid before 31st march of financial year, hence Section234B interest is applicable.
2025-12-29 16:47:54 [main] DEBUG com.incometaxcalculator.interestcalculator.Section234BInterestCalculator - Initial short fall : 2779320.8
2025-12-29 16:47:54 [main] DEBUG com.incometaxcalculator.interestcalculator.Section234BInterestCalculator - Month: 2025-04 | Interest: 27793.208 | Based on Shortfall: 2779320.8
2025-12-29 16:47:54 [main] DEBUG com.incometaxcalculator.interestcalculator.Section234BInterestCalculator - Month: 2025-05 | Interest: 27793.208 | Based on Shortfall: 2779320.8
2025-12-29 16:47:54 [main] DEBUG com.incometaxcalculator.interestcalculator.Section234BInterestCalculator -    -> Payment detected: 5000.0 in 2025-05. Reduced Shortfall for next month: 2774320.8
2025-12-29 16:47:54 [main] DEBUG com.incometaxcalculator.interestcalculator.Section234BInterestCalculator - Month: 2025-06 | Interest: 27743.208 | Based on Shortfall: 2774320.8
2025-12-29 16:47:54 [main] DEBUG com.incometaxcalculator.interestcalculator.Section234BInterestCalculator -    -> Payment detected: 5000.0 in 2025-06. Reduced Shortfall for next month: 2769320.8
2025-12-29 16:47:54 [main] DEBUG com.incometaxcalculator.interestcalculator.Section234BInterestCalculator - Month: 2025-07 | Interest: 27693.208 | Based on Shortfall: 2769320.8
2025-12-29 16:47:54 [main] DEBUG com.incometaxcalculator.interestcalculator.Section234BInterestCalculator - Total Interest to pay : 111022.832
2025-12-29 16:47:54 [main] DEBUG com.incometaxcalculator.interestcalculator.Section234BInterestCalculator - Exiting calculateinterest
2025-12-29 16:48:55 [main] DEBUG com.incometaxcalculator.interestcalculator.Section234BInterestCalculator - entering into calculateinterest
2025-12-29 16:48:55 [main] DEBUG com.incometaxcalculator.interestcalculator.Section234BInterestCalculator - Advance tax in order : [AdvanceTax{advanceTax=10000.0, advanceTaxPaidDate='2024-09-11'}, AdvanceTax{advanceTax=10000.0, advanceTaxPaidDate='2025-03-31'}, AdvanceTax{advanceTax=5000.0, advanceTaxPaidDate='2025-05-30'}, AdvanceTax{advanceTax=5000.0, advanceTaxPaidDate='2025-06-02'}]
2025-12-29 16:48:55 [main] DEBUG com.incometaxcalculator.interestcalculator.Section234BInterestCalculator - Financial Year End Date : 2025-03-31
2025-12-29 16:48:55 [main] DEBUG com.incometaxcalculator.interestcalculator.Section234BInterestCalculator - Advance tax paid during financial year : 20000.0
2025-12-29 16:48:55 [main] INFO  com.incometaxcalculator.interestcalculator.Section234BInterestCalculator - 90% tax not paid before 31st march of financial year, hence Section234B interest is applicable.
2025-12-29 16:48:55 [main] DEBUG com.incometaxcalculator.interestcalculator.Section234BInterestCalculator - Initial short fall : 70000.0
2025-12-29 16:48:55 [main] DEBUG com.incometaxcalculator.interestcalculator.Section234BInterestCalculator - Month: 2025-04 | Interest: 700.0 | Based on Shortfall: 70000.0
2025-12-29 16:48:55 [main] DEBUG com.incometaxcalculator.interestcalculator.Section234BInterestCalculator - Month: 2025-05 | Interest: 700.0 | Based on Shortfall: 70000.0
2025-12-29 16:48:55 [main] DEBUG com.incometaxcalculator.interestcalculator.Section234BInterestCalculator -    -> Payment detected: 5000.0 in 2025-05. Reduced Shortfall for next month: 65000.0
2025-12-29 16:48:55 [main] DEBUG com.incometaxcalculator.interestcalculator.Section234BInterestCalculator - Month: 2025-06 | Interest: 650.0 | Based on Shortfall: 65000.0
2025-12-29 16:48:55 [main] DEBUG com.incometaxcalculator.interestcalculator.Section234BInterestCalculator -    -> Payment detected: 5000.0 in 2025-06. Reduced Shortfall for next month: 60000.0
2025-12-29 16:48:55 [main] DEBUG com.incometaxcalculator.interestcalculator.Section234BInterestCalculator - Month: 2025-07 | Interest: 600.0 | Based on Shortfall: 60000.0
2025-12-29 16:48:55 [main] DEBUG com.incometaxcalculator.interestcalculator.Section234BInterestCalculator - Total Interest to pay : 2650.0
2025-12-29 16:48:55 [main] DEBUG com.incometaxcalculator.interestcalculator.Section234BInterestCalculator - Exiting calculateinterest
2025-12-29 16:48:55 [main] DEBUG com.incometaxcalculator.util.TaxLogger - --------------------
2025-12-29 16:48:55 [main] DEBUG com.incometaxcalculator.util.TaxLogger - Payee: Saarthak
2025-12-29 16:48:55 [main] DEBUG com.incometaxcalculator.util.TaxLogger - Assessment Year: 2025-2026
2025-12-29 16:48:55 [main] DEBUG com.incometaxcalculator.util.TaxLogger - Regime Type: NEW
2025-12-29 16:48:55 [main] DEBUG com.incometaxcalculator.util.TaxLogger - Total Income Declared: 1.0E7
2025-12-29 16:48:55 [main] DEBUG com.incometaxcalculator.util.TaxLogger - Filing Date: 2025-07-05
2025-12-29 16:48:55 [main] DEBUG com.incometaxcalculator.util.TaxLogger - Advance Tax Entries Found: 4
2025-12-29 16:48:55 [main] DEBUG com.incometaxcalculator.interestcalculator.Section234AInterestCalculator - entering into calculateInterest for 234A
2025-12-29 16:48:55 [main] DEBUG com.incometaxcalculator.interestcalculator.Section234AInterestCalculator - Due Date : 2025-07-31
2025-12-29 16:48:55 [main] DEBUG com.incometaxcalculator.interestcalculator.Section234AInterestCalculator - diffInMonths: 0
2025-12-29 16:48:55 [main] INFO  com.incometaxcalculator.interestcalculator.Section234AInterestCalculator - Filing date is after due date, hence Section234A interest is applicable.
2025-12-29 16:48:55 [main] DEBUG com.incometaxcalculator.interestcalculator.Section234AInterestCalculator - Total Interest to pay : 0.0
2025-12-29 16:48:55 [main] DEBUG com.incometaxcalculator.interestcalculator.Section234AInterestCalculator - Exiting calculateInterest of 234A
2025-12-29 16:48:55 [main] DEBUG com.incometaxcalculator.interestcalculator.Section234BInterestCalculator - entering into calculateinterest
2025-12-29 16:48:55 [main] DEBUG com.incometaxcalculator.interestcalculator.Section234BInterestCalculator - Advance tax in order : [AdvanceTax{advanceTax=10000.0, advanceTaxPaidDate='2024-09-11'}, AdvanceTax{advanceTax=10000.0, advanceTaxPaidDate='2025-03-31'}, AdvanceTax{advanceTax=5000.0, advanceTaxPaidDate='2025-05-30'}, AdvanceTax{advanceTax=5000.0, advanceTaxPaidDate='2025-06-02'}]
2025-12-29 16:48:55 [main] DEBUG com.incometaxcalculator.interestcalculator.Section234BInterestCalculator - Financial Year End Date : 2025-03-31
2025-12-29 16:48:55 [main] DEBUG com.incometaxcalculator.interestcalculator.Section234BInterestCalculator - Advance tax paid during financial year : 20000.0
2025-12-29 16:48:55 [main] INFO  com.incometaxcalculator.interestcalculator.Section234BInterestCalculator - 90% tax not paid before 31st march of financial year, hence Section234B interest is applicable.
2025-12-29 16:48:55 [main] DEBUG com.incometaxcalculator.interestcalculator.Section234BInterestCalculator - Initial short fall : 2779320.8
2025-12-29 16:48:55 [main] DEBUG com.incometaxcalculator.interestcalculator.Section234BInterestCalculator - Month: 2025-04 | Interest: 27793.208 | Based on Shortfall: 2779320.8
2025-12-29 16:48:55 [main] DEBUG com.incometaxcalculator.interestcalculator.Section234BInterestCalculator - Month: 2025-05 | Interest: 27793.208 | Based on Shortfall: 2779320.8
2025-12-29 16:48:55 [main] DEBUG com.incometaxcalculator.interestcalculator.Section234BInterestCalculator -    -> Payment detected: 5000.0 in 2025-05. Reduced Shortfall for next month: 2774320.8
2025-12-29 16:48:55 [main] DEBUG com.incometaxcalculator.interestcalculator.Section234BInterestCalculator - Month: 2025-06 | Interest: 27743.208 | Based on Shortfall: 2774320.8
2025-12-29 16:48:55 [main] DEBUG com.incometaxcalculator.interestcalculator.Section234BInterestCalculator -    -> Payment detected: 5000.0 in 2025-06. Reduced Shortfall for next month: 2769320.8
2025-12-29 16:48:55 [main] DEBUG com.incometaxcalculator.interestcalculator.Section234BInterestCalculator - Month: 2025-07 | Interest: 27693.208 | Based on Shortfall: 2769320.8
2025-12-29 16:48:55 [main] DEBUG com.incometaxcalculator.interestcalculator.Section234BInterestCalculator - Total Interest to pay : 111022.832
2025-12-29 16:48:55 [main] DEBUG com.incometaxcalculator.interestcalculator.Section234BInterestCalculator - Exiting calculateinterest
2025-12-29 16:48:55 [main] DEBUG com.incometaxcalculator.util.TaxLogger - --------------------
2025-12-29 16:48:55 [main] DEBUG com.incometaxcalculator.util.TaxLogger - Taxable Income: 9969000.0
2025-12-29 16:48:55 [main] DEBUG com.incometaxcalculator.util.TaxLogger - Basic Income Tax: 2390700.0
2025-12-29 16:48:55 [main] DEBUG com.incometaxcalculator.util.TaxLogger - Surcharge: 245570.0
2025-12-29 16:48:55 [main] DEBUG com.incometaxcalculator.util.TaxLogger - Health & Education Cess: 108050.8
2025-12-29 16:48:55 [main] DEBUG com.incometaxcalculator.util.TaxLogger - Interest u/s 234A: 0.0
2025-12-29 16:48:55 [main] DEBUG com.incometaxcalculator.util.TaxLogger - Interest u/s 234B: 111022.832
2025-12-29 16:48:55 [main] DEBUG com.incometaxcalculator.util.TaxLogger - Interest u/s 234C: 0.0
2025-12-29 16:48:55 [main] DEBUG com.incometaxcalculator.util.TaxLogger - Total Interest: 111022.832
2025-12-29 16:48:55 [main] DEBUG com.incometaxcalculator.util.TaxLogger - Total Tax Payable: 2799320.8
2025-12-29 16:48:55 [main] DEBUG com.incometaxcalculator.util.TaxLogger - -----------------------------------------
2025-12-29 16:52:17 [main] DEBUG com.incometaxcalculator.interestcalculator.Section234BInterestCalculator - entering into calculateinterest
2025-12-29 16:52:17 [main] DEBUG com.incometaxcalculator.interestcalculator.Section234BInterestCalculator - Advance tax in order : [AdvanceTax{advanceTax=10000.0, advanceTaxPaidDate='2024-09-11'}, AdvanceTax{advanceTax=10000.0, advanceTaxPaidDate='2025-03-31'}, AdvanceTax{advanceTax=5000.0, advanceTaxPaidDate='2025-05-30'}, AdvanceTax{advanceTax=5000.0, advanceTaxPaidDate='2025-06-02'}]
2025-12-29 16:52:17 [main] DEBUG com.incometaxcalculator.interestcalculator.Section234BInterestCalculator - Financial Year End Date : 2025-03-31
2025-12-29 16:52:17 [main] DEBUG com.incometaxcalculator.interestcalculator.Section234BInterestCalculator - Advance tax paid during financial year : 20000.0
2025-12-29 16:52:17 [main] INFO  com.incometaxcalculator.interestcalculator.Section234BInterestCalculator - 90% tax not paid before 31st march of financial year, hence Section234B interest is applicable.
2025-12-29 16:52:17 [main] DEBUG com.incometaxcalculator.interestcalculator.Section234BInterestCalculator - Initial short fall : 70000.0
2025-12-29 16:52:17 [main] DEBUG com.incometaxcalculator.interestcalculator.Section234BInterestCalculator - Month: 2025-04 | Interest: 700.0 | Based on Shortfall: 70000.0
2025-12-29 16:52:17 [main] DEBUG com.incometaxcalculator.interestcalculator.Section234BInterestCalculator - Month: 2025-05 | Interest: 700.0 | Based on Shortfall: 70000.0
2025-12-29 16:52:17 [main] DEBUG com.incometaxcalculator.interestcalculator.Section234BInterestCalculator -    -> Payment detected: 5000.0 in 2025-05. Reduced Shortfall for next month: 65000.0
2025-12-29 16:52:17 [main] DEBUG com.incometaxcalculator.interestcalculator.Section234BInterestCalculator - Month: 2025-06 | Interest: 650.0 | Based on Shortfall: 65000.0
2025-12-29 16:52:17 [main] DEBUG com.incometaxcalculator.interestcalculator.Section234BInterestCalculator -    -> Payment detected: 5000.0 in 2025-06. Reduced Shortfall for next month: 60000.0
2025-12-29 16:52:17 [main] DEBUG com.incometaxcalculator.interestcalculator.Section234BInterestCalculator - Month: 2025-07 | Interest: 600.0 | Based on Shortfall: 60000.0
2025-12-29 16:52:17 [main] DEBUG com.incometaxcalculator.interestcalculator.Section234BInterestCalculator - Total Interest to pay : 2650.0
2025-12-29 16:52:17 [main] DEBUG com.incometaxcalculator.interestcalculator.Section234BInterestCalculator - Exiting calculateinterest
2025-12-29 16:52:17 [main] DEBUG com.incometaxcalculator.util.TaxLogger - --------------------
2025-12-29 16:52:17 [main] DEBUG com.incometaxcalculator.util.TaxLogger - Payee: Saarthak
2025-12-29 16:52:17 [main] DEBUG com.incometaxcalculator.util.TaxLogger - Assessment Year: 2025-2026
2025-12-29 16:52:17 [main] DEBUG com.incometaxcalculator.util.TaxLogger - Regime Type: NEW
2025-12-29 16:52:17 [main] DEBUG com.incometaxcalculator.util.TaxLogger - Total Income Declared: 1.0E7
2025-12-29 16:52:17 [main] DEBUG com.incometaxcalculator.util.TaxLogger - Filing Date: 2025-07-05
2025-12-29 16:52:17 [main] DEBUG com.incometaxcalculator.util.TaxLogger - Advance Tax Entries Found: 4
2025-12-29 16:52:17 [main] DEBUG com.incometaxcalculator.interestcalculator.Section234AInterestCalculator - totaling all the interests 
2025-12-29 16:52:17 [main] DEBUG com.incometaxcalculator.interestcalculator.Section234AInterestCalculator - entering into calculateInterest for 234A
2025-12-29 16:52:17 [main] DEBUG com.incometaxcalculator.interestcalculator.Section234AInterestCalculator - Due Date : 2025-07-31
2025-12-29 16:52:17 [main] DEBUG com.incometaxcalculator.interestcalculator.Section234AInterestCalculator - diffInMonths: 0
2025-12-29 16:52:17 [main] INFO  com.incometaxcalculator.interestcalculator.Section234AInterestCalculator - Filing date is after due date, hence Section234A interest is applicable.
2025-12-29 16:52:17 [main] DEBUG com.incometaxcalculator.interestcalculator.Section234AInterestCalculator - Total Interest to pay under 234A is : 0.0
2025-12-29 16:52:17 [main] DEBUG com.incometaxcalculator.interestcalculator.Section234AInterestCalculator - Exiting calculateInterest of 234A
2025-12-29 16:52:17 [main] DEBUG com.incometaxcalculator.interestcalculator.Section234BInterestCalculator - entering into calculateinterest
2025-12-29 16:52:17 [main] DEBUG com.incometaxcalculator.interestcalculator.Section234BInterestCalculator - Advance tax in order : [AdvanceTax{advanceTax=10000.0, advanceTaxPaidDate='2024-09-11'}, AdvanceTax{advanceTax=10000.0, advanceTaxPaidDate='2025-03-31'}, AdvanceTax{advanceTax=5000.0, advanceTaxPaidDate='2025-05-30'}, AdvanceTax{advanceTax=5000.0, advanceTaxPaidDate='2025-06-02'}]
2025-12-29 16:52:17 [main] DEBUG com.incometaxcalculator.interestcalculator.Section234BInterestCalculator - Financial Year End Date : 2025-03-31
2025-12-29 16:52:17 [main] DEBUG com.incometaxcalculator.interestcalculator.Section234BInterestCalculator - Advance tax paid during financial year : 20000.0
2025-12-29 16:52:17 [main] INFO  com.incometaxcalculator.interestcalculator.Section234BInterestCalculator - 90% tax not paid before 31st march of financial year, hence Section234B interest is applicable.
2025-12-29 16:52:17 [main] DEBUG com.incometaxcalculator.interestcalculator.Section234BInterestCalculator - Initial short fall : 2779320.8
2025-12-29 16:52:17 [main] DEBUG com.incometaxcalculator.interestcalculator.Section234BInterestCalculator - Month: 2025-04 | Interest: 27793.208 | Based on Shortfall: 2779320.8
2025-12-29 16:52:17 [main] DEBUG com.incometaxcalculator.interestcalculator.Section234BInterestCalculator - Month: 2025-05 | Interest: 27793.208 | Based on Shortfall: 2779320.8
2025-12-29 16:52:17 [main] DEBUG com.incometaxcalculator.interestcalculator.Section234BInterestCalculator -    -> Payment detected: 5000.0 in 2025-05. Reduced Shortfall for next month: 2774320.8
2025-12-29 16:52:17 [main] DEBUG com.incometaxcalculator.interestcalculator.Section234BInterestCalculator - Month: 2025-06 | Interest: 27743.208 | Based on Shortfall: 2774320.8
2025-12-29 16:52:17 [main] DEBUG com.incometaxcalculator.interestcalculator.Section234BInterestCalculator -    -> Payment detected: 5000.0 in 2025-06. Reduced Shortfall for next month: 2769320.8
2025-12-29 16:52:17 [main] DEBUG com.incometaxcalculator.interestcalculator.Section234BInterestCalculator - Month: 2025-07 | Interest: 27693.208 | Based on Shortfall: 2769320.8
2025-12-29 16:52:17 [main] DEBUG com.incometaxcalculator.interestcalculator.Section234BInterestCalculator - Total Interest to pay : 111022.832
2025-12-29 16:52:17 [main] DEBUG com.incometaxcalculator.interestcalculator.Section234BInterestCalculator - Exiting calculateinterest
2025-12-29 16:52:17 [main] DEBUG com.incometaxcalculator.interestcalculator.Section234AInterestCalculator - Total interest is  com.incometaxcalculator.model.Interest@306e95ec
2025-12-29 16:52:17 [main] DEBUG com.incometaxcalculator.util.TaxLogger - --------------------
2025-12-29 16:52:17 [main] DEBUG com.incometaxcalculator.util.TaxLogger - Taxable Income: 9969000.0
2025-12-29 16:52:17 [main] DEBUG com.incometaxcalculator.util.TaxLogger - Basic Income Tax: 2390700.0
2025-12-29 16:52:17 [main] DEBUG com.incometaxcalculator.util.TaxLogger - Surcharge: 245570.0
2025-12-29 16:52:17 [main] DEBUG com.incometaxcalculator.util.TaxLogger - Health & Education Cess: 108050.8
2025-12-29 16:52:17 [main] DEBUG com.incometaxcalculator.util.TaxLogger - Interest u/s 234A: 0.0
2025-12-29 16:52:17 [main] DEBUG com.incometaxcalculator.util.TaxLogger - Interest u/s 234B: 111022.832
2025-12-29 16:52:17 [main] DEBUG com.incometaxcalculator.util.TaxLogger - Interest u/s 234C: 0.0
2025-12-29 16:52:17 [main] DEBUG com.incometaxcalculator.util.TaxLogger - Total Interest: 111022.832
2025-12-29 16:52:17 [main] DEBUG com.incometaxcalculator.util.TaxLogger - Total Tax Payable: 2799320.8
2025-12-29 16:52:17 [main] DEBUG com.incometaxcalculator.util.TaxLogger - -----------------------------------------
2025-12-29 16:54:25 [main] DEBUG com.incometaxcalculator.interestcalculator.Section234BInterestCalculator - --------------------
2025-12-29 16:54:25 [main] DEBUG com.incometaxcalculator.interestcalculator.Section234BInterestCalculator - entering into calculateinterest
2025-12-29 16:54:25 [main] DEBUG com.incometaxcalculator.interestcalculator.Section234BInterestCalculator - Advance tax in order : [AdvanceTax{advanceTax=10000.0, advanceTaxPaidDate='2024-09-11'}, AdvanceTax{advanceTax=10000.0, advanceTaxPaidDate='2025-03-31'}, AdvanceTax{advanceTax=5000.0, advanceTaxPaidDate='2025-05-30'}, AdvanceTax{advanceTax=5000.0, advanceTaxPaidDate='2025-06-02'}]
2025-12-29 16:54:25 [main] DEBUG com.incometaxcalculator.interestcalculator.Section234BInterestCalculator - Financial Year End Date : 2025-03-31
2025-12-29 16:54:25 [main] DEBUG com.incometaxcalculator.interestcalculator.Section234BInterestCalculator - Advance tax paid during financial year : 20000.0
2025-12-29 16:54:25 [main] INFO  com.incometaxcalculator.interestcalculator.Section234BInterestCalculator - 90% tax not paid before 31st march of financial year, hence Section234B interest is applicable.
2025-12-29 16:54:25 [main] DEBUG com.incometaxcalculator.interestcalculator.Section234BInterestCalculator - Initial short fall : 70000.0
2025-12-29 16:54:25 [main] DEBUG com.incometaxcalculator.interestcalculator.Section234BInterestCalculator - Month: 2025-04 | Interest: 700.0 | Based on Shortfall: 70000.0
2025-12-29 16:54:25 [main] DEBUG com.incometaxcalculator.interestcalculator.Section234BInterestCalculator - Month: 2025-05 | Interest: 700.0 | Based on Shortfall: 70000.0
2025-12-29 16:54:25 [main] DEBUG com.incometaxcalculator.interestcalculator.Section234BInterestCalculator -    -> Payment detected: 5000.0 in 2025-05. Reduced Shortfall for next month: 65000.0
2025-12-29 16:54:25 [main] DEBUG com.incometaxcalculator.interestcalculator.Section234BInterestCalculator - Month: 2025-06 | Interest: 650.0 | Based on Shortfall: 65000.0
2025-12-29 16:54:25 [main] DEBUG com.incometaxcalculator.interestcalculator.Section234BInterestCalculator -    -> Payment detected: 5000.0 in 2025-06. Reduced Shortfall for next month: 60000.0
2025-12-29 16:54:25 [main] DEBUG com.incometaxcalculator.interestcalculator.Section234BInterestCalculator - Month: 2025-07 | Interest: 600.0 | Based on Shortfall: 60000.0
2025-12-29 16:54:25 [main] DEBUG com.incometaxcalculator.interestcalculator.Section234BInterestCalculator - Total Interest to pay : 2650.0
2025-12-29 16:54:25 [main] DEBUG com.incometaxcalculator.interestcalculator.Section234BInterestCalculator - Exiting calculateinterest
2025-12-29 16:54:25 [main] DEBUG com.incometaxcalculator.interestcalculator.Section234BInterestCalculator - --------------------
2025-12-29 16:54:25 [main] DEBUG com.incometaxcalculator.util.TaxLogger - --------------------
2025-12-29 16:54:25 [main] DEBUG com.incometaxcalculator.util.TaxLogger - Payee: Saarthak
2025-12-29 16:54:25 [main] DEBUG com.incometaxcalculator.util.TaxLogger - Assessment Year: 2025-2026
2025-12-29 16:54:25 [main] DEBUG com.incometaxcalculator.util.TaxLogger - Regime Type: NEW
2025-12-29 16:54:25 [main] DEBUG com.incometaxcalculator.util.TaxLogger - Total Income Declared: 1.0E7
2025-12-29 16:54:25 [main] DEBUG com.incometaxcalculator.util.TaxLogger - Filing Date: 2025-07-05
2025-12-29 16:54:25 [main] DEBUG com.incometaxcalculator.util.TaxLogger - Advance Tax Entries Found: 4
2025-12-29 16:54:25 [main] DEBUG com.incometaxcalculator.interestcalculator.Section234AInterestCalculator - totaling all the interests 
2025-12-29 16:54:25 [main] DEBUG com.incometaxcalculator.interestcalculator.Section234AInterestCalculator - --------------------
2025-12-29 16:54:25 [main] DEBUG com.incometaxcalculator.interestcalculator.Section234AInterestCalculator - entering into calculateInterest for 234A
2025-12-29 16:54:25 [main] DEBUG com.incometaxcalculator.interestcalculator.Section234AInterestCalculator - Due Date : 2025-07-31
2025-12-29 16:54:25 [main] DEBUG com.incometaxcalculator.interestcalculator.Section234AInterestCalculator - diffInMonths: 0
2025-12-29 16:54:25 [main] INFO  com.incometaxcalculator.interestcalculator.Section234AInterestCalculator - Filing date is after due date, hence Section234A interest is applicable.
2025-12-29 16:54:25 [main] DEBUG com.incometaxcalculator.interestcalculator.Section234AInterestCalculator - Total Interest to pay under 234A is : 0.0
2025-12-29 16:54:25 [main] DEBUG com.incometaxcalculator.interestcalculator.Section234AInterestCalculator - Exiting calculateInterest of 234A
2025-12-29 16:54:25 [main] DEBUG com.incometaxcalculator.interestcalculator.Section234AInterestCalculator - --------------------
2025-12-29 16:54:25 [main] DEBUG com.incometaxcalculator.interestcalculator.Section234BInterestCalculator - --------------------
2025-12-29 16:54:25 [main] DEBUG com.incometaxcalculator.interestcalculator.Section234BInterestCalculator - entering into calculateinterest
2025-12-29 16:54:25 [main] DEBUG com.incometaxcalculator.interestcalculator.Section234BInterestCalculator - Advance tax in order : [AdvanceTax{advanceTax=10000.0, advanceTaxPaidDate='2024-09-11'}, AdvanceTax{advanceTax=10000.0, advanceTaxPaidDate='2025-03-31'}, AdvanceTax{advanceTax=5000.0, advanceTaxPaidDate='2025-05-30'}, AdvanceTax{advanceTax=5000.0, advanceTaxPaidDate='2025-06-02'}]
2025-12-29 16:54:25 [main] DEBUG com.incometaxcalculator.interestcalculator.Section234BInterestCalculator - Financial Year End Date : 2025-03-31
2025-12-29 16:54:25 [main] DEBUG com.incometaxcalculator.interestcalculator.Section234BInterestCalculator - Advance tax paid during financial year : 20000.0
2025-12-29 16:54:25 [main] INFO  com.incometaxcalculator.interestcalculator.Section234BInterestCalculator - 90% tax not paid before 31st march of financial year, hence Section234B interest is applicable.
2025-12-29 16:54:25 [main] DEBUG com.incometaxcalculator.interestcalculator.Section234BInterestCalculator - Initial short fall : 2779320.8
2025-12-29 16:54:25 [main] DEBUG com.incometaxcalculator.interestcalculator.Section234BInterestCalculator - Month: 2025-04 | Interest: 27793.208 | Based on Shortfall: 2779320.8
2025-12-29 16:54:25 [main] DEBUG com.incometaxcalculator.interestcalculator.Section234BInterestCalculator - Month: 2025-05 | Interest: 27793.208 | Based on Shortfall: 2779320.8
2025-12-29 16:54:25 [main] DEBUG com.incometaxcalculator.interestcalculator.Section234BInterestCalculator -    -> Payment detected: 5000.0 in 2025-05. Reduced Shortfall for next month: 2774320.8
2025-12-29 16:54:25 [main] DEBUG com.incometaxcalculator.interestcalculator.Section234BInterestCalculator - Month: 2025-06 | Interest: 27743.208 | Based on Shortfall: 2774320.8
2025-12-29 16:54:25 [main] DEBUG com.incometaxcalculator.interestcalculator.Section234BInterestCalculator -    -> Payment detected: 5000.0 in 2025-06. Reduced Shortfall for next month: 2769320.8
2025-12-29 16:54:25 [main] DEBUG com.incometaxcalculator.interestcalculator.Section234BInterestCalculator - Month: 2025-07 | Interest: 27693.208 | Based on Shortfall: 2769320.8
2025-12-29 16:54:25 [main] DEBUG com.incometaxcalculator.interestcalculator.Section234BInterestCalculator - Total Interest to pay : 111022.832
2025-12-29 16:54:25 [main] DEBUG com.incometaxcalculator.interestcalculator.Section234BInterestCalculator - Exiting calculateinterest
2025-12-29 16:54:25 [main] DEBUG com.incometaxcalculator.interestcalculator.Section234BInterestCalculator - --------------------
2025-12-29 16:54:25 [main] DEBUG com.incometaxcalculator.interestcalculator.Section234AInterestCalculator - Total interest is  com.incometaxcalculator.model.Interest@306e95ec
2025-12-29 16:54:25 [main] DEBUG com.incometaxcalculator.util.TaxLogger - --------------------
2025-12-29 16:54:25 [main] DEBUG com.incometaxcalculator.util.TaxLogger - Taxable Income: 9969000.0
2025-12-29 16:54:25 [main] DEBUG com.incometaxcalculator.util.TaxLogger - Basic Income Tax: 2390700.0
2025-12-29 16:54:25 [main] DEBUG com.incometaxcalculator.util.TaxLogger - Surcharge: 245570.0
2025-12-29 16:54:25 [main] DEBUG com.incometaxcalculator.util.TaxLogger - Health & Education Cess: 108050.8
2025-12-29 16:54:25 [main] DEBUG com.incometaxcalculator.util.TaxLogger - Interest u/s 234A: 0.0
2025-12-29 16:54:25 [main] DEBUG com.incometaxcalculator.util.TaxLogger - Interest u/s 234B: 111022.832
2025-12-29 16:54:25 [main] DEBUG com.incometaxcalculator.util.TaxLogger - Interest u/s 234C: 0.0
2025-12-29 16:54:25 [main] DEBUG com.incometaxcalculator.util.TaxLogger - Total Interest: 111022.832
2025-12-29 16:54:25 [main] DEBUG com.incometaxcalculator.util.TaxLogger - Total Tax Payable: 2799320.8
2025-12-29 16:54:25 [main] DEBUG com.incometaxcalculator.util.TaxLogger - -----------------------------------------
2025-12-29 17:59:35 [main] DEBUG com.incometaxcalculator.interestcalculator.Section234BInterestCalculator - --------------------
2025-12-29 17:59:35 [main] DEBUG com.incometaxcalculator.interestcalculator.Section234BInterestCalculator - entering into calculateinterest
2025-12-29 17:59:35 [main] DEBUG com.incometaxcalculator.interestcalculator.Section234BInterestCalculator - Advance tax in order : [AdvanceTax{advanceTax=10000.0, advanceTaxPaidDate='2024-09-11'}, AdvanceTax{advanceTax=10000.0, advanceTaxPaidDate='2025-03-31'}, AdvanceTax{advanceTax=5000.0, advanceTaxPaidDate='2025-05-30'}, AdvanceTax{advanceTax=5000.0, advanceTaxPaidDate='2025-06-02'}]
2025-12-29 17:59:35 [main] DEBUG com.incometaxcalculator.interestcalculator.Section234BInterestCalculator - Financial Year End Date : 2025-03-31
2025-12-29 17:59:35 [main] DEBUG com.incometaxcalculator.interestcalculator.Section234BInterestCalculator - Advance tax paid during financial year : 20000.0
2025-12-29 17:59:35 [main] INFO  com.incometaxcalculator.interestcalculator.Section234BInterestCalculator - 90% tax not paid before 31st march of financial year, hence Section234B interest is applicable.
2025-12-29 17:59:35 [main] DEBUG com.incometaxcalculator.interestcalculator.Section234BInterestCalculator - Initial short fall : 70000.0
2025-12-29 17:59:35 [main] DEBUG com.incometaxcalculator.interestcalculator.Section234BInterestCalculator - Month: 2025-04 | Interest: 700.0 | Based on Shortfall: 70000.0
2025-12-29 17:59:35 [main] DEBUG com.incometaxcalculator.interestcalculator.Section234BInterestCalculator - Month: 2025-05 | Interest: 700.0 | Based on Shortfall: 70000.0
2025-12-29 17:59:35 [main] DEBUG com.incometaxcalculator.interestcalculator.Section234BInterestCalculator -    -> Payment detected: 5000.0 in 2025-05. Reduced Shortfall for next month: 65000.0
2025-12-29 17:59:35 [main] DEBUG com.incometaxcalculator.interestcalculator.Section234BInterestCalculator - Month: 2025-06 | Interest: 650.0 | Based on Shortfall: 65000.0
2025-12-29 17:59:35 [main] DEBUG com.incometaxcalculator.interestcalculator.Section234BInterestCalculator -    -> Payment detected: 5000.0 in 2025-06. Reduced Shortfall for next month: 60000.0
2025-12-29 17:59:35 [main] DEBUG com.incometaxcalculator.interestcalculator.Section234BInterestCalculator - Month: 2025-07 | Interest: 600.0 | Based on Shortfall: 60000.0
2025-12-29 17:59:35 [main] DEBUG com.incometaxcalculator.interestcalculator.Section234BInterestCalculator - Total Interest to pay : 2650.0
2025-12-29 17:59:35 [main] DEBUG com.incometaxcalculator.interestcalculator.Section234BInterestCalculator - Exiting calculateinterest
2025-12-29 17:59:35 [main] DEBUG com.incometaxcalculator.interestcalculator.Section234BInterestCalculator - --------------------
2025-12-29 17:59:35 [main] DEBUG com.incometaxcalculator.util.TaxLogger - --------------------
2025-12-29 17:59:35 [main] DEBUG com.incometaxcalculator.util.TaxLogger - Payee: Saarthak
2025-12-29 17:59:35 [main] DEBUG com.incometaxcalculator.util.TaxLogger - Assessment Year: 2025-2026
2025-12-29 17:59:35 [main] DEBUG com.incometaxcalculator.util.TaxLogger - Regime Type: NEW
2025-12-29 17:59:35 [main] DEBUG com.incometaxcalculator.util.TaxLogger - Total Income Declared: 1.0E7
2025-12-29 17:59:35 [main] DEBUG com.incometaxcalculator.util.TaxLogger - Filing Date: 2025-07-05
2025-12-29 17:59:35 [main] DEBUG com.incometaxcalculator.util.TaxLogger - Advance Tax Entries Found: 4
2025-12-29 17:59:35 [main] DEBUG com.incometaxcalculator.interestcalculator.Section234AInterestCalculator - totaling all the interests 
2025-12-29 17:59:35 [main] DEBUG com.incometaxcalculator.interestcalculator.Section234AInterestCalculator - --------------------
2025-12-29 17:59:35 [main] DEBUG com.incometaxcalculator.interestcalculator.Section234AInterestCalculator - entering into calculateInterest for 234A
2025-12-29 17:59:35 [main] DEBUG com.incometaxcalculator.interestcalculator.Section234AInterestCalculator - Due Date : 2025-07-31
2025-12-29 17:59:35 [main] DEBUG com.incometaxcalculator.interestcalculator.Section234AInterestCalculator - diffInMonths: 0
2025-12-29 17:59:35 [main] INFO  com.incometaxcalculator.interestcalculator.Section234AInterestCalculator - Filing date is after due date, hence Section234A interest is applicable.
2025-12-29 17:59:35 [main] DEBUG com.incometaxcalculator.interestcalculator.Section234AInterestCalculator - Total Interest to pay under 234A is : 0.0
2025-12-29 17:59:35 [main] DEBUG com.incometaxcalculator.interestcalculator.Section234AInterestCalculator - Exiting calculateInterest of 234A
2025-12-29 17:59:35 [main] DEBUG com.incometaxcalculator.interestcalculator.Section234AInterestCalculator - --------------------
2025-12-29 17:59:35 [main] DEBUG com.incometaxcalculator.interestcalculator.Section234BInterestCalculator - --------------------
2025-12-29 17:59:35 [main] DEBUG com.incometaxcalculator.interestcalculator.Section234BInterestCalculator - entering into calculateinterest
2025-12-29 17:59:35 [main] DEBUG com.incometaxcalculator.interestcalculator.Section234BInterestCalculator - Advance tax in order : [AdvanceTax{advanceTax=10000.0, advanceTaxPaidDate='2024-09-11'}, AdvanceTax{advanceTax=10000.0, advanceTaxPaidDate='2025-03-31'}, AdvanceTax{advanceTax=5000.0, advanceTaxPaidDate='2025-05-30'}, AdvanceTax{advanceTax=5000.0, advanceTaxPaidDate='2025-06-02'}]
2025-12-29 17:59:35 [main] DEBUG com.incometaxcalculator.interestcalculator.Section234BInterestCalculator - Financial Year End Date : 2025-03-31
2025-12-29 17:59:35 [main] DEBUG com.incometaxcalculator.interestcalculator.Section234BInterestCalculator - Advance tax paid during financial year : 20000.0
2025-12-29 17:59:35 [main] INFO  com.incometaxcalculator.interestcalculator.Section234BInterestCalculator - 90% tax not paid before 31st march of financial year, hence Section234B interest is applicable.
2025-12-29 17:59:35 [main] DEBUG com.incometaxcalculator.interestcalculator.Section234BInterestCalculator - Initial short fall : 2779320.8
2025-12-29 17:59:35 [main] DEBUG com.incometaxcalculator.interestcalculator.Section234BInterestCalculator - Month: 2025-04 | Interest: 27793.208 | Based on Shortfall: 2779320.8
2025-12-29 17:59:35 [main] DEBUG com.incometaxcalculator.interestcalculator.Section234BInterestCalculator - Month: 2025-05 | Interest: 27793.208 | Based on Shortfall: 2779320.8
2025-12-29 17:59:35 [main] DEBUG com.incometaxcalculator.interestcalculator.Section234BInterestCalculator -    -> Payment detected: 5000.0 in 2025-05. Reduced Shortfall for next month: 2774320.8
2025-12-29 17:59:35 [main] DEBUG com.incometaxcalculator.interestcalculator.Section234BInterestCalculator - Month: 2025-06 | Interest: 27743.208 | Based on Shortfall: 2774320.8
2025-12-29 17:59:35 [main] DEBUG com.incometaxcalculator.interestcalculator.Section234BInterestCalculator -    -> Payment detected: 5000.0 in 2025-06. Reduced Shortfall for next month: 2769320.8
2025-12-29 17:59:35 [main] DEBUG com.incometaxcalculator.interestcalculator.Section234BInterestCalculator - Month: 2025-07 | Interest: 27693.208 | Based on Shortfall: 2769320.8
2025-12-29 17:59:35 [main] DEBUG com.incometaxcalculator.interestcalculator.Section234BInterestCalculator - Total Interest to pay : 111022.832
2025-12-29 17:59:35 [main] DEBUG com.incometaxcalculator.interestcalculator.Section234BInterestCalculator - Exiting calculateinterest
2025-12-29 17:59:35 [main] DEBUG com.incometaxcalculator.interestcalculator.Section234BInterestCalculator - --------------------
2025-12-29 17:59:35 [main] DEBUG com.incometaxcalculator.interestcalculator.Section234AInterestCalculator - Total interest is  com.incometaxcalculator.model.Interest@306e95ec
2025-12-29 17:59:35 [main] DEBUG com.incometaxcalculator.util.TaxLogger - --------------------
2025-12-29 17:59:35 [main] DEBUG com.incometaxcalculator.util.TaxLogger - Taxable Income: 9969000.0
2025-12-29 17:59:35 [main] DEBUG com.incometaxcalculator.util.TaxLogger - Basic Income Tax: 2390700.0
2025-12-29 17:59:35 [main] DEBUG com.incometaxcalculator.util.TaxLogger - Surcharge: 245570.0
2025-12-29 17:59:35 [main] DEBUG com.incometaxcalculator.util.TaxLogger - Health & Education Cess: 108050.8
2025-12-29 17:59:35 [main] DEBUG com.incometaxcalculator.util.TaxLogger - Interest u/s 234A: 0.0
2025-12-29 17:59:35 [main] DEBUG com.incometaxcalculator.util.TaxLogger - Interest u/s 234B: 111022.832
2025-12-29 17:59:35 [main] DEBUG com.incometaxcalculator.util.TaxLogger - Interest u/s 234C: 0.0
2025-12-29 17:59:35 [main] DEBUG com.incometaxcalculator.util.TaxLogger - Total Interest: 111022.832
2025-12-29 17:59:35 [main] DEBUG com.incometaxcalculator.util.TaxLogger - Total Tax Payable: 2799320.8
2025-12-29 17:59:35 [main] DEBUG com.incometaxcalculator.util.TaxLogger - -----------------------------------------
2025-12-29 18:01:33 [main] DEBUG com.incometaxcalculator.interestcalculator.Section234BInterestCalculator - --------------------
2025-12-29 18:01:33 [main] DEBUG com.incometaxcalculator.interestcalculator.Section234BInterestCalculator - entering into calculateinterest
2025-12-29 18:01:33 [main] DEBUG com.incometaxcalculator.interestcalculator.Section234BInterestCalculator - Advance tax in order : []
2025-12-29 18:01:33 [main] DEBUG com.incometaxcalculator.interestcalculator.Section234BInterestCalculator - Financial Year End Date : 2025-03-31
2025-12-29 18:01:33 [main] DEBUG com.incometaxcalculator.interestcalculator.Section234BInterestCalculator - Advance tax paid during financial year : 0.0
2025-12-29 18:01:33 [main] INFO  com.incometaxcalculator.interestcalculator.Section234BInterestCalculator - 90% tax not paid before 31st march of financial year, hence Section234B interest is applicable.
2025-12-29 18:01:33 [main] DEBUG com.incometaxcalculator.interestcalculator.Section234BInterestCalculator - Initial short fall : 90000.0
2025-12-29 18:01:33 [main] DEBUG com.incometaxcalculator.interestcalculator.Section234BInterestCalculator - Month: 2025-04 | Interest: 900.0 | Based on Shortfall: 90000.0
2025-12-29 18:01:33 [main] DEBUG com.incometaxcalculator.interestcalculator.Section234BInterestCalculator - Month: 2025-05 | Interest: 900.0 | Based on Shortfall: 90000.0
2025-12-29 18:01:33 [main] DEBUG com.incometaxcalculator.interestcalculator.Section234BInterestCalculator - Month: 2025-06 | Interest: 900.0 | Based on Shortfall: 90000.0
2025-12-29 18:01:33 [main] DEBUG com.incometaxcalculator.interestcalculator.Section234BInterestCalculator - Month: 2025-07 | Interest: 900.0 | Based on Shortfall: 90000.0
2025-12-29 18:01:33 [main] DEBUG com.incometaxcalculator.interestcalculator.Section234BInterestCalculator - Total Interest to pay : 3600.0
2025-12-29 18:01:33 [main] DEBUG com.incometaxcalculator.interestcalculator.Section234BInterestCalculator - Exiting calculateinterest
2025-12-29 18:01:33 [main] DEBUG com.incometaxcalculator.interestcalculator.Section234BInterestCalculator - --------------------
2025-12-29 18:01:33 [main] DEBUG com.incometaxcalculator.util.TaxLogger - --------------------
2025-12-29 18:01:33 [main] DEBUG com.incometaxcalculator.util.TaxLogger - Payee: Saarthak
2025-12-29 18:01:33 [main] DEBUG com.incometaxcalculator.util.TaxLogger - Assessment Year: 2025-2026
2025-12-29 18:01:33 [main] DEBUG com.incometaxcalculator.util.TaxLogger - Regime Type: NEW
2025-12-29 18:01:33 [main] DEBUG com.incometaxcalculator.util.TaxLogger - Total Income Declared: 1.0E7
2025-12-29 18:01:33 [main] DEBUG com.incometaxcalculator.util.TaxLogger - Filing Date: 2025-07-05
2025-12-29 18:01:33 [main] DEBUG com.incometaxcalculator.interestcalculator.Section234AInterestCalculator - totaling all the interests 
2025-12-29 18:01:33 [main] DEBUG com.incometaxcalculator.interestcalculator.Section234AInterestCalculator - --------------------
2025-12-29 18:01:33 [main] DEBUG com.incometaxcalculator.interestcalculator.Section234AInterestCalculator - entering into calculateInterest for 234A
2025-12-29 18:01:33 [main] DEBUG com.incometaxcalculator.interestcalculator.Section234AInterestCalculator - Due Date : 2025-07-31
2025-12-29 18:01:33 [main] DEBUG com.incometaxcalculator.interestcalculator.Section234AInterestCalculator - diffInMonths: 0
2025-12-29 18:01:33 [main] INFO  com.incometaxcalculator.interestcalculator.Section234AInterestCalculator - Filing date is after due date, hence Section234A interest is applicable.
2025-12-29 18:01:33 [main] DEBUG com.incometaxcalculator.interestcalculator.Section234AInterestCalculator - Total Interest to pay under 234A is : 0.0
2025-12-29 18:01:33 [main] DEBUG com.incometaxcalculator.interestcalculator.Section234AInterestCalculator - Exiting calculateInterest of 234A
2025-12-29 18:01:33 [main] DEBUG com.incometaxcalculator.interestcalculator.Section234AInterestCalculator - --------------------
2025-12-29 18:01:33 [main] DEBUG com.incometaxcalculator.interestcalculator.Section234BInterestCalculator - --------------------
2025-12-29 18:01:33 [main] DEBUG com.incometaxcalculator.interestcalculator.Section234BInterestCalculator - entering into calculateinterest
2025-12-29 18:01:33 [main] DEBUG com.incometaxcalculator.interestcalculator.Section234BInterestCalculator - Advance tax in order : []
2025-12-29 18:01:33 [main] DEBUG com.incometaxcalculator.interestcalculator.Section234BInterestCalculator - Financial Year End Date : 2025-03-31
2025-12-29 18:01:33 [main] DEBUG com.incometaxcalculator.interestcalculator.Section234BInterestCalculator - Advance tax paid during financial year : 0.0
2025-12-29 18:01:33 [main] INFO  com.incometaxcalculator.interestcalculator.Section234BInterestCalculator - 90% tax not paid before 31st march of financial year, hence Section234B interest is applicable.
2025-12-29 18:01:33 [main] DEBUG com.incometaxcalculator.interestcalculator.Section234BInterestCalculator - Initial short fall : 2799320.8
2025-12-29 18:01:33 [main] DEBUG com.incometaxcalculator.interestcalculator.Section234BInterestCalculator - Month: 2025-04 | Interest: 27993.208 | Based on Shortfall: 2799320.8
2025-12-29 18:01:33 [main] DEBUG com.incometaxcalculator.interestcalculator.Section234BInterestCalculator - Month: 2025-05 | Interest: 27993.208 | Based on Shortfall: 2799320.8
2025-12-29 18:01:33 [main] DEBUG com.incometaxcalculator.interestcalculator.Section234BInterestCalculator - Month: 2025-06 | Interest: 27993.208 | Based on Shortfall: 2799320.8
2025-12-29 18:01:33 [main] DEBUG com.incometaxcalculator.interestcalculator.Section234BInterestCalculator - Month: 2025-07 | Interest: 27993.208 | Based on Shortfall: 2799320.8
2025-12-29 18:01:33 [main] DEBUG com.incometaxcalculator.interestcalculator.Section234BInterestCalculator - Total Interest to pay : 111972.832
2025-12-29 18:01:33 [main] DEBUG com.incometaxcalculator.interestcalculator.Section234BInterestCalculator - Exiting calculateinterest
2025-12-29 18:01:33 [main] DEBUG com.incometaxcalculator.interestcalculator.Section234BInterestCalculator - --------------------
2025-12-29 18:01:33 [main] DEBUG com.incometaxcalculator.interestcalculator.Section234AInterestCalculator - Total interest is  com.incometaxcalculator.model.Interest@7c24b813
2025-12-29 18:01:33 [main] DEBUG com.incometaxcalculator.util.TaxLogger - --------------------
2025-12-29 18:01:33 [main] DEBUG com.incometaxcalculator.util.TaxLogger - Taxable Income: 9969000.0
2025-12-29 18:01:33 [main] DEBUG com.incometaxcalculator.util.TaxLogger - Basic Income Tax: 2390700.0
2025-12-29 18:01:33 [main] DEBUG com.incometaxcalculator.util.TaxLogger - Surcharge: 245570.0
2025-12-29 18:01:33 [main] DEBUG com.incometaxcalculator.util.TaxLogger - Health & Education Cess: 108050.8
2025-12-29 18:01:33 [main] DEBUG com.incometaxcalculator.util.TaxLogger - Interest u/s 234A: 0.0
2025-12-29 18:01:33 [main] DEBUG com.incometaxcalculator.util.TaxLogger - Interest u/s 234B: 111972.832
2025-12-29 18:01:33 [main] DEBUG com.incometaxcalculator.util.TaxLogger - Interest u/s 234C: 0.0
2025-12-29 18:01:33 [main] DEBUG com.incometaxcalculator.util.TaxLogger - Total Interest: 111972.832
2025-12-29 18:01:33 [main] DEBUG com.incometaxcalculator.util.TaxLogger - Total Tax Payable: 2799320.8
2025-12-29 18:01:33 [main] DEBUG com.incometaxcalculator.util.TaxLogger - -----------------------------------------
2025-12-29 18:03:20 [main] DEBUG com.incometaxcalculator.util.TaxLogger - --------------------
2025-12-29 18:03:20 [main] DEBUG com.incometaxcalculator.util.TaxLogger - Payee: Saarthak
2025-12-29 18:03:20 [main] DEBUG com.incometaxcalculator.util.TaxLogger - Assessment Year: 2025-2026
2025-12-29 18:03:20 [main] DEBUG com.incometaxcalculator.util.TaxLogger - Regime Type: NEW
2025-12-29 18:03:20 [main] DEBUG com.incometaxcalculator.util.TaxLogger - Total Income Declared: 1.0E7
2025-12-29 18:03:20 [main] DEBUG com.incometaxcalculator.util.TaxLogger - Filing Date: 2025-07-05
2025-12-29 18:03:20 [main] DEBUG com.incometaxcalculator.util.TaxLogger - Advance Tax Entries Found: 4
2025-12-29 18:03:20 [main] DEBUG com.incometaxcalculator.interestcalculator.Section234AInterestCalculator - totaling all the interests 
2025-12-29 18:03:20 [main] DEBUG com.incometaxcalculator.interestcalculator.Section234AInterestCalculator - --------------------
2025-12-29 18:03:20 [main] DEBUG com.incometaxcalculator.interestcalculator.Section234AInterestCalculator - entering into calculateInterest for 234A
2025-12-29 18:03:20 [main] DEBUG com.incometaxcalculator.interestcalculator.Section234AInterestCalculator - Due Date : 2025-07-31
2025-12-29 18:03:20 [main] DEBUG com.incometaxcalculator.interestcalculator.Section234AInterestCalculator - diffInMonths: 0
2025-12-29 18:03:20 [main] INFO  com.incometaxcalculator.interestcalculator.Section234AInterestCalculator - Filing date is after due date, hence Section234A interest is applicable.
2025-12-29 18:03:20 [main] DEBUG com.incometaxcalculator.interestcalculator.Section234AInterestCalculator - Total Interest to pay under 234A is : 0.0
2025-12-29 18:03:20 [main] DEBUG com.incometaxcalculator.interestcalculator.Section234AInterestCalculator - Exiting calculateInterest of 234A
2025-12-29 18:03:20 [main] DEBUG com.incometaxcalculator.interestcalculator.Section234AInterestCalculator - --------------------
2025-12-29 18:03:20 [main] DEBUG com.incometaxcalculator.interestcalculator.Section234BInterestCalculator - --------------------
2025-12-29 18:03:20 [main] DEBUG com.incometaxcalculator.interestcalculator.Section234BInterestCalculator - entering into calculateinterest
2025-12-29 18:03:20 [main] DEBUG com.incometaxcalculator.interestcalculator.Section234BInterestCalculator - Advance tax in order : [AdvanceTax{advanceTax=10000.0, advanceTaxPaidDate='2024-09-11'}, AdvanceTax{advanceTax=10000.0, advanceTaxPaidDate='2025-03-31'}, AdvanceTax{advanceTax=5000.0, advanceTaxPaidDate='2025-05-30'}, AdvanceTax{advanceTax=5000.0, advanceTaxPaidDate='2025-06-02'}]
2025-12-29 18:03:20 [main] DEBUG com.incometaxcalculator.interestcalculator.Section234BInterestCalculator - Financial Year End Date : 2025-03-31
2025-12-29 18:03:20 [main] DEBUG com.incometaxcalculator.interestcalculator.Section234BInterestCalculator - Advance tax paid during financial year : 20000.0
2025-12-29 18:03:20 [main] INFO  com.incometaxcalculator.interestcalculator.Section234BInterestCalculator - 90% tax not paid before 31st march of financial year, hence Section234B interest is applicable.
2025-12-29 18:03:20 [main] DEBUG com.incometaxcalculator.interestcalculator.Section234BInterestCalculator - Initial short fall : 2779320.8
2025-12-29 18:03:20 [main] DEBUG com.incometaxcalculator.interestcalculator.Section234BInterestCalculator - Month: 2025-04 | Interest: 27793.208 | Based on Shortfall: 2779320.8
2025-12-29 18:03:20 [main] DEBUG com.incometaxcalculator.interestcalculator.Section234BInterestCalculator - Month: 2025-05 | Interest: 27793.208 | Based on Shortfall: 2779320.8
2025-12-29 18:03:20 [main] DEBUG com.incometaxcalculator.interestcalculator.Section234BInterestCalculator -    -> Payment detected: 5000.0 in 2025-05. Reduced Shortfall for next month: 2774320.8
2025-12-29 18:03:20 [main] DEBUG com.incometaxcalculator.interestcalculator.Section234BInterestCalculator - Month: 2025-06 | Interest: 27743.208 | Based on Shortfall: 2774320.8
2025-12-29 18:03:20 [main] DEBUG com.incometaxcalculator.interestcalculator.Section234BInterestCalculator -    -> Payment detected: 5000.0 in 2025-06. Reduced Shortfall for next month: 2769320.8
2025-12-29 18:03:20 [main] DEBUG com.incometaxcalculator.interestcalculator.Section234BInterestCalculator - Month: 2025-07 | Interest: 27693.208 | Based on Shortfall: 2769320.8
2025-12-29 18:03:20 [main] DEBUG com.incometaxcalculator.interestcalculator.Section234BInterestCalculator - Total Interest to pay : 111022.832
2025-12-29 18:03:20 [main] DEBUG com.incometaxcalculator.interestcalculator.Section234BInterestCalculator - Exiting calculateinterest
2025-12-29 18:03:20 [main] DEBUG com.incometaxcalculator.interestcalculator.Section234BInterestCalculator - --------------------
2025-12-29 18:03:20 [main] DEBUG com.incometaxcalculator.interestcalculator.Section234AInterestCalculator - Total interest is  com.incometaxcalculator.model.Interest@306e95ec
2025-12-29 18:03:20 [main] DEBUG com.incometaxcalculator.util.TaxLogger - --------------------
2025-12-29 18:03:20 [main] DEBUG com.incometaxcalculator.util.TaxLogger - Taxable Income: 9969000.0
2025-12-29 18:03:20 [main] DEBUG com.incometaxcalculator.util.TaxLogger - Basic Income Tax: 2390700.0
2025-12-29 18:03:20 [main] DEBUG com.incometaxcalculator.util.TaxLogger - Surcharge: 245570.0
2025-12-29 18:03:20 [main] DEBUG com.incometaxcalculator.util.TaxLogger - Health & Education Cess: 108050.8
2025-12-29 18:03:20 [main] DEBUG com.incometaxcalculator.util.TaxLogger - Interest u/s 234A: 0.0
2025-12-29 18:03:20 [main] DEBUG com.incometaxcalculator.util.TaxLogger - Interest u/s 234B: 111022.832
2025-12-29 18:03:20 [main] DEBUG com.incometaxcalculator.util.TaxLogger - Interest u/s 234C: 0.0
2025-12-29 18:03:20 [main] DEBUG com.incometaxcalculator.util.TaxLogger - Total Interest: 111022.832
2025-12-29 18:03:20 [main] DEBUG com.incometaxcalculator.util.TaxLogger - Total Tax Payable: 2799320.8
2025-12-29 18:03:20 [main] DEBUG com.incometaxcalculator.util.TaxLogger - -----------------------------------------
2025-12-29 18:03:29 [main] DEBUG com.incometaxcalculator.util.TaxLogger - --------------------
2025-12-29 18:03:29 [main] DEBUG com.incometaxcalculator.util.TaxLogger - Payee: Saarthak
2025-12-29 18:03:29 [main] DEBUG com.incometaxcalculator.util.TaxLogger - Assessment Year: 2025-2026
2025-12-29 18:03:29 [main] DEBUG com.incometaxcalculator.util.TaxLogger - Regime Type: NEW
2025-12-29 18:03:29 [main] DEBUG com.incometaxcalculator.util.TaxLogger - Total Income Declared: 1.0E7
2025-12-29 18:03:29 [main] DEBUG com.incometaxcalculator.util.TaxLogger - Filing Date: 2025-07-05
2025-12-29 18:03:29 [main] DEBUG com.incometaxcalculator.util.TaxLogger - Advance Tax Entries Found: 4
2025-12-29 18:03:29 [main] DEBUG com.incometaxcalculator.interestcalculator.Section234AInterestCalculator - totaling all the interests 
2025-12-29 18:03:29 [main] DEBUG com.incometaxcalculator.interestcalculator.Section234AInterestCalculator - --------------------
2025-12-29 18:03:29 [main] DEBUG com.incometaxcalculator.interestcalculator.Section234AInterestCalculator - entering into calculateInterest for 234A
2025-12-29 18:03:29 [main] DEBUG com.incometaxcalculator.interestcalculator.Section234AInterestCalculator - Due Date : 2025-07-31
2025-12-29 18:03:29 [main] DEBUG com.incometaxcalculator.interestcalculator.Section234AInterestCalculator - diffInMonths: 0
2025-12-29 18:03:29 [main] INFO  com.incometaxcalculator.interestcalculator.Section234AInterestCalculator - Filing date is after due date, hence Section234A interest is applicable.
2025-12-29 18:03:29 [main] DEBUG com.incometaxcalculator.interestcalculator.Section234AInterestCalculator - Total Interest to pay under 234A is : 0.0
2025-12-29 18:03:29 [main] DEBUG com.incometaxcalculator.interestcalculator.Section234AInterestCalculator - Exiting calculateInterest of 234A
2025-12-29 18:03:29 [main] DEBUG com.incometaxcalculator.interestcalculator.Section234AInterestCalculator - --------------------
2025-12-29 18:03:29 [main] DEBUG com.incometaxcalculator.interestcalculator.Section234BInterestCalculator - --------------------
2025-12-29 18:03:29 [main] DEBUG com.incometaxcalculator.interestcalculator.Section234BInterestCalculator - entering into calculateinterest
2025-12-29 18:03:29 [main] DEBUG com.incometaxcalculator.interestcalculator.Section234BInterestCalculator - Advance tax in order : [AdvanceTax{advanceTax=10000.0, advanceTaxPaidDate='2024-09-11'}, AdvanceTax{advanceTax=10000.0, advanceTaxPaidDate='2025-03-31'}, AdvanceTax{advanceTax=5000.0, advanceTaxPaidDate='2025-05-30'}, AdvanceTax{advanceTax=5000.0, advanceTaxPaidDate='2025-06-02'}]
2025-12-29 18:03:29 [main] DEBUG com.incometaxcalculator.interestcalculator.Section234BInterestCalculator - Financial Year End Date : 2025-03-31
2025-12-29 18:03:29 [main] DEBUG com.incometaxcalculator.interestcalculator.Section234BInterestCalculator - Advance tax paid during financial year : 20000.0
2025-12-29 18:03:29 [main] INFO  com.incometaxcalculator.interestcalculator.Section234BInterestCalculator - 90% tax not paid before 31st march of financial year, hence Section234B interest is applicable.
2025-12-29 18:03:29 [main] DEBUG com.incometaxcalculator.interestcalculator.Section234BInterestCalculator - Initial short fall : 2779320.8
2025-12-29 18:03:29 [main] DEBUG com.incometaxcalculator.interestcalculator.Section234BInterestCalculator - Month: 2025-04 | Interest: 27793.208 | Based on Shortfall: 2779320.8
2025-12-29 18:03:29 [main] DEBUG com.incometaxcalculator.interestcalculator.Section234BInterestCalculator - Month: 2025-05 | Interest: 27793.208 | Based on Shortfall: 2779320.8
2025-12-29 18:03:29 [main] DEBUG com.incometaxcalculator.interestcalculator.Section234BInterestCalculator -    -> Payment detected: 5000.0 in 2025-05. Reduced Shortfall for next month: 2774320.8
2025-12-29 18:03:29 [main] DEBUG com.incometaxcalculator.interestcalculator.Section234BInterestCalculator - Month: 2025-06 | Interest: 27743.208 | Based on Shortfall: 2774320.8
2025-12-29 18:03:29 [main] DEBUG com.incometaxcalculator.interestcalculator.Section234BInterestCalculator -    -> Payment detected: 5000.0 in 2025-06. Reduced Shortfall for next month: 2769320.8
2025-12-29 18:03:29 [main] DEBUG com.incometaxcalculator.interestcalculator.Section234BInterestCalculator - Month: 2025-07 | Interest: 27693.208 | Based on Shortfall: 2769320.8
2025-12-29 18:03:29 [main] DEBUG com.incometaxcalculator.interestcalculator.Section234BInterestCalculator - Total Interest to pay : 111022.832
2025-12-29 18:03:29 [main] DEBUG com.incometaxcalculator.interestcalculator.Section234BInterestCalculator - Exiting calculateinterest
2025-12-29 18:03:29 [main] DEBUG com.incometaxcalculator.interestcalculator.Section234BInterestCalculator - --------------------
2025-12-29 18:03:29 [main] DEBUG com.incometaxcalculator.interestcalculator.Section234AInterestCalculator - Total interest is  com.incometaxcalculator.model.Interest@306e95ec
2025-12-29 18:03:29 [main] DEBUG com.incometaxcalculator.util.TaxLogger - --------------------
2025-12-29 18:03:29 [main] DEBUG com.incometaxcalculator.util.TaxLogger - Taxable Income: 9969000.0
2025-12-29 18:03:29 [main] DEBUG com.incometaxcalculator.util.TaxLogger - Basic Income Tax: 2390700.0
2025-12-29 18:03:29 [main] DEBUG com.incometaxcalculator.util.TaxLogger - Surcharge: 245570.0
2025-12-29 18:03:29 [main] DEBUG com.incometaxcalculator.util.TaxLogger - Health & Education Cess: 108050.8
2025-12-29 18:03:29 [main] DEBUG com.incometaxcalculator.util.TaxLogger - Interest u/s 234A: 0.0
2025-12-29 18:03:29 [main] DEBUG com.incometaxcalculator.util.TaxLogger - Interest u/s 234B: 111022.832
2025-12-29 18:03:29 [main] DEBUG com.incometaxcalculator.util.TaxLogger - Interest u/s 234C: 0.0
2025-12-29 18:03:29 [main] DEBUG com.incometaxcalculator.util.TaxLogger - Total Interest: 111022.832
2025-12-29 18:03:29 [main] DEBUG com.incometaxcalculator.util.TaxLogger - Total Tax Payable: 2799320.8
2025-12-29 18:03:29 [main] DEBUG com.incometaxcalculator.util.TaxLogger - -----------------------------------------
2025-12-29 18:24:34 [main] DEBUG com.incometaxcalculator.interestcalculator.Section234BInterestCalculator - --------------------
2025-12-29 18:24:34 [main] DEBUG com.incometaxcalculator.interestcalculator.Section234BInterestCalculator - entering into calculateinterest
2025-12-29 18:24:34 [main] DEBUG com.incometaxcalculator.interestcalculator.Section234BInterestCalculator - Advance tax in order : [AdvanceTax{advanceTax=10000.0, advanceTaxPaidDate='2024-09-11'}, AdvanceTax{advanceTax=10000.0, advanceTaxPaidDate='2025-03-31'}, AdvanceTax{advanceTax=5000.0, advanceTaxPaidDate='2025-05-30'}, AdvanceTax{advanceTax=5000.0, advanceTaxPaidDate='2025-06-02'}]
2025-12-29 18:24:34 [main] DEBUG com.incometaxcalculator.interestcalculator.Section234BInterestCalculator - Financial Year End Date : 2025-03-31
2025-12-29 18:24:34 [main] DEBUG com.incometaxcalculator.interestcalculator.Section234BInterestCalculator - Advance tax paid during financial year : 20000.0
2025-12-29 18:24:34 [main] INFO  com.incometaxcalculator.interestcalculator.Section234BInterestCalculator - 90% tax not paid before 31st march of financial year, hence Section234B interest is applicable.
2025-12-29 18:24:34 [main] DEBUG com.incometaxcalculator.interestcalculator.Section234BInterestCalculator - Initial short fall : 70000.0
2025-12-29 18:24:34 [main] DEBUG com.incometaxcalculator.interestcalculator.Section234BInterestCalculator - Month: 2025-04 | Interest: 700.0 | Based on Shortfall: 70000.0
2025-12-29 18:24:34 [main] DEBUG com.incometaxcalculator.interestcalculator.Section234BInterestCalculator - Month: 2025-05 | Interest: 700.0 | Based on Shortfall: 70000.0
2025-12-29 18:24:34 [main] DEBUG com.incometaxcalculator.interestcalculator.Section234BInterestCalculator -    -> Payment detected: 5000.0 in 2025-05. Reduced Shortfall for next month: 65000.0
2025-12-29 18:24:34 [main] DEBUG com.incometaxcalculator.interestcalculator.Section234BInterestCalculator - Month: 2025-06 | Interest: 650.0 | Based on Shortfall: 65000.0
2025-12-29 18:24:34 [main] DEBUG com.incometaxcalculator.interestcalculator.Section234BInterestCalculator -    -> Payment detected: 5000.0 in 2025-06. Reduced Shortfall for next month: 60000.0
2025-12-29 18:24:34 [main] DEBUG com.incometaxcalculator.interestcalculator.Section234BInterestCalculator - Month: 2025-07 | Interest: 600.0 | Based on Shortfall: 60000.0
2025-12-29 18:24:34 [main] DEBUG com.incometaxcalculator.interestcalculator.Section234BInterestCalculator - Total Interest to pay : 2650.0
2025-12-29 18:24:34 [main] DEBUG com.incometaxcalculator.interestcalculator.Section234BInterestCalculator - Exiting calculateinterest
2025-12-29 18:24:34 [main] DEBUG com.incometaxcalculator.interestcalculator.Section234BInterestCalculator - --------------------
2025-12-29 18:24:34 [main] DEBUG com.incometaxcalculator.util.TaxLogger - --------------------
2025-12-29 18:24:34 [main] DEBUG com.incometaxcalculator.util.TaxLogger - Payee: Saarthak
2025-12-29 18:24:34 [main] DEBUG com.incometaxcalculator.util.TaxLogger - Assessment Year: 2025-2026
2025-12-29 18:24:34 [main] DEBUG com.incometaxcalculator.util.TaxLogger - Regime Type: NEW
2025-12-29 18:24:34 [main] DEBUG com.incometaxcalculator.util.TaxLogger - Total Income Declared: 1.0E7
2025-12-29 18:24:34 [main] DEBUG com.incometaxcalculator.util.TaxLogger - Filing Date: 2025-07-05
2025-12-29 18:24:34 [main] DEBUG com.incometaxcalculator.util.TaxLogger - Advance Tax Entries Found: 4
2025-12-29 18:24:34 [main] DEBUG com.incometaxcalculator.interestcalculator.Section234AInterestCalculator - totaling all the interests 
2025-12-29 18:24:34 [main] DEBUG com.incometaxcalculator.interestcalculator.Section234AInterestCalculator - --------------------
2025-12-29 18:24:34 [main] DEBUG com.incometaxcalculator.interestcalculator.Section234AInterestCalculator - entering into calculateInterest for 234A
2025-12-29 18:24:34 [main] DEBUG com.incometaxcalculator.interestcalculator.Section234AInterestCalculator - Due Date : 2025-07-31
2025-12-29 18:24:34 [main] DEBUG com.incometaxcalculator.interestcalculator.Section234AInterestCalculator - diffInMonths: 0
2025-12-29 18:24:34 [main] INFO  com.incometaxcalculator.interestcalculator.Section234AInterestCalculator - Filing date is after due date, hence Section234A interest is applicable.
2025-12-29 18:24:34 [main] DEBUG com.incometaxcalculator.interestcalculator.Section234AInterestCalculator - Total Interest to pay under 234A is : 0.0
2025-12-29 18:24:34 [main] DEBUG com.incometaxcalculator.interestcalculator.Section234AInterestCalculator - Exiting calculateInterest of 234A
2025-12-29 18:24:34 [main] DEBUG com.incometaxcalculator.interestcalculator.Section234AInterestCalculator - --------------------
2025-12-29 18:24:34 [main] DEBUG com.incometaxcalculator.interestcalculator.Section234BInterestCalculator - --------------------
2025-12-29 18:24:34 [main] DEBUG com.incometaxcalculator.interestcalculator.Section234BInterestCalculator - entering into calculateinterest
2025-12-29 18:24:34 [main] DEBUG com.incometaxcalculator.interestcalculator.Section234BInterestCalculator - Advance tax in order : [AdvanceTax{advanceTax=10000.0, advanceTaxPaidDate='2024-09-11'}, AdvanceTax{advanceTax=10000.0, advanceTaxPaidDate='2025-03-31'}, AdvanceTax{advanceTax=5000.0, advanceTaxPaidDate='2025-05-30'}, AdvanceTax{advanceTax=5000.0, advanceTaxPaidDate='2025-06-02'}]
2025-12-29 18:24:34 [main] DEBUG com.incometaxcalculator.interestcalculator.Section234BInterestCalculator - Financial Year End Date : 2025-03-31
2025-12-29 18:24:34 [main] DEBUG com.incometaxcalculator.interestcalculator.Section234BInterestCalculator - Advance tax paid during financial year : 20000.0
2025-12-29 18:24:34 [main] INFO  com.incometaxcalculator.interestcalculator.Section234BInterestCalculator - 90% tax not paid before 31st march of financial year, hence Section234B interest is applicable.
2025-12-29 18:24:34 [main] DEBUG com.incometaxcalculator.interestcalculator.Section234BInterestCalculator - Initial short fall : 2779320.8
2025-12-29 18:24:34 [main] DEBUG com.incometaxcalculator.interestcalculator.Section234BInterestCalculator - Month: 2025-04 | Interest: 27793.208 | Based on Shortfall: 2779320.8
2025-12-29 18:24:34 [main] DEBUG com.incometaxcalculator.interestcalculator.Section234BInterestCalculator - Month: 2025-05 | Interest: 27793.208 | Based on Shortfall: 2779320.8
2025-12-29 18:24:34 [main] DEBUG com.incometaxcalculator.interestcalculator.Section234BInterestCalculator -    -> Payment detected: 5000.0 in 2025-05. Reduced Shortfall for next month: 2774320.8
2025-12-29 18:24:34 [main] DEBUG com.incometaxcalculator.interestcalculator.Section234BInterestCalculator - Month: 2025-06 | Interest: 27743.208 | Based on Shortfall: 2774320.8
2025-12-29 18:24:34 [main] DEBUG com.incometaxcalculator.interestcalculator.Section234BInterestCalculator -    -> Payment detected: 5000.0 in 2025-06. Reduced Shortfall for next month: 2769320.8
2025-12-29 18:24:34 [main] DEBUG com.incometaxcalculator.interestcalculator.Section234BInterestCalculator - Month: 2025-07 | Interest: 27693.208 | Based on Shortfall: 2769320.8
2025-12-29 18:24:34 [main] DEBUG com.incometaxcalculator.interestcalculator.Section234BInterestCalculator - Total Interest to pay : 111022.832
2025-12-29 18:24:34 [main] DEBUG com.incometaxcalculator.interestcalculator.Section234BInterestCalculator - Exiting calculateinterest
2025-12-29 18:24:34 [main] DEBUG com.incometaxcalculator.interestcalculator.Section234BInterestCalculator - --------------------
2025-12-29 18:24:34 [main] DEBUG com.incometaxcalculator.interestcalculator.Section234AInterestCalculator - Total interest is  com.incometaxcalculator.model.Interest@52af26ee
2025-12-29 18:24:34 [main] DEBUG com.incometaxcalculator.util.TaxLogger - --------------------
2025-12-29 18:24:34 [main] DEBUG com.incometaxcalculator.util.TaxLogger - Taxable Income: 9969000.0
2025-12-29 18:24:34 [main] DEBUG com.incometaxcalculator.util.TaxLogger - Basic Income Tax: 2390700.0
2025-12-29 18:24:34 [main] DEBUG com.incometaxcalculator.util.TaxLogger - Surcharge: 245570.0
2025-12-29 18:24:34 [main] DEBUG com.incometaxcalculator.util.TaxLogger - Health & Education Cess: 108050.8
2025-12-29 18:24:34 [main] DEBUG com.incometaxcalculator.util.TaxLogger - Interest u/s 234A: 0.0
2025-12-29 18:24:34 [main] DEBUG com.incometaxcalculator.util.TaxLogger - Interest u/s 234B: 111022.832
2025-12-29 18:24:34 [main] DEBUG com.incometaxcalculator.util.TaxLogger - Interest u/s 234C: 0.0
2025-12-29 18:24:34 [main] DEBUG com.incometaxcalculator.util.TaxLogger - Total Interest: 111022.832
2025-12-29 18:24:34 [main] DEBUG com.incometaxcalculator.util.TaxLogger - Total Tax Payable: 2799320.8
2025-12-29 18:24:34 [main] DEBUG com.incometaxcalculator.util.TaxLogger - -----------------------------------------
2025-12-29 18:24:40 [main] DEBUG com.incometaxcalculator.interestcalculator.Section234BInterestCalculator - --------------------
2025-12-29 18:24:40 [main] DEBUG com.incometaxcalculator.interestcalculator.Section234BInterestCalculator - entering into calculateinterest
2025-12-29 18:24:40 [main] DEBUG com.incometaxcalculator.interestcalculator.Section234BInterestCalculator - Advance tax in order : [AdvanceTax{advanceTax=10000.0, advanceTaxPaidDate='2024-09-11'}, AdvanceTax{advanceTax=10000.0, advanceTaxPaidDate='2025-03-31'}, AdvanceTax{advanceTax=5000.0, advanceTaxPaidDate='2025-05-30'}, AdvanceTax{advanceTax=5000.0, advanceTaxPaidDate='2025-06-02'}]
2025-12-29 18:24:40 [main] DEBUG com.incometaxcalculator.interestcalculator.Section234BInterestCalculator - Financial Year End Date : 2025-03-31
2025-12-29 18:24:40 [main] DEBUG com.incometaxcalculator.interestcalculator.Section234BInterestCalculator - Advance tax paid during financial year : 20000.0
2025-12-29 18:24:40 [main] INFO  com.incometaxcalculator.interestcalculator.Section234BInterestCalculator - 90% tax not paid before 31st march of financial year, hence Section234B interest is applicable.
2025-12-29 18:24:40 [main] DEBUG com.incometaxcalculator.interestcalculator.Section234BInterestCalculator - Initial short fall : 70000.0
2025-12-29 18:24:40 [main] DEBUG com.incometaxcalculator.interestcalculator.Section234BInterestCalculator - Month: 2025-04 | Interest: 700.0 | Based on Shortfall: 70000.0
2025-12-29 18:24:40 [main] DEBUG com.incometaxcalculator.interestcalculator.Section234BInterestCalculator - Month: 2025-05 | Interest: 700.0 | Based on Shortfall: 70000.0
2025-12-29 18:24:40 [main] DEBUG com.incometaxcalculator.interestcalculator.Section234BInterestCalculator -    -> Payment detected: 5000.0 in 2025-05. Reduced Shortfall for next month: 65000.0
2025-12-29 18:24:40 [main] DEBUG com.incometaxcalculator.interestcalculator.Section234BInterestCalculator - Month: 2025-06 | Interest: 650.0 | Based on Shortfall: 65000.0
2025-12-29 18:24:40 [main] DEBUG com.incometaxcalculator.interestcalculator.Section234BInterestCalculator -    -> Payment detected: 5000.0 in 2025-06. Reduced Shortfall for next month: 60000.0
2025-12-29 18:24:40 [main] DEBUG com.incometaxcalculator.interestcalculator.Section234BInterestCalculator - Month: 2025-07 | Interest: 600.0 | Based on Shortfall: 60000.0
2025-12-29 18:24:40 [main] DEBUG com.incometaxcalculator.interestcalculator.Section234BInterestCalculator - Total Interest to pay : 2650.0
2025-12-29 18:24:40 [main] DEBUG com.incometaxcalculator.interestcalculator.Section234BInterestCalculator - Exiting calculateinterest
2025-12-29 18:24:40 [main] DEBUG com.incometaxcalculator.interestcalculator.Section234BInterestCalculator - --------------------
2025-12-29 18:24:40 [main] DEBUG com.incometaxcalculator.util.TaxLogger - --------------------
2025-12-29 18:24:40 [main] DEBUG com.incometaxcalculator.util.TaxLogger - Payee: Saarthak
2025-12-29 18:24:40 [main] DEBUG com.incometaxcalculator.util.TaxLogger - Assessment Year: 2025-2026
2025-12-29 18:24:40 [main] DEBUG com.incometaxcalculator.util.TaxLogger - Regime Type: NEW
2025-12-29 18:24:40 [main] DEBUG com.incometaxcalculator.util.TaxLogger - Total Income Declared: 1.0E7
2025-12-29 18:24:40 [main] DEBUG com.incometaxcalculator.util.TaxLogger - Filing Date: 2025-07-05
2025-12-29 18:24:40 [main] DEBUG com.incometaxcalculator.util.TaxLogger - Advance Tax Entries Found: 4
2025-12-29 18:24:40 [main] DEBUG com.incometaxcalculator.interestcalculator.Section234AInterestCalculator - totaling all the interests 
2025-12-29 18:24:40 [main] DEBUG com.incometaxcalculator.interestcalculator.Section234AInterestCalculator - --------------------
2025-12-29 18:24:40 [main] DEBUG com.incometaxcalculator.interestcalculator.Section234AInterestCalculator - entering into calculateInterest for 234A
2025-12-29 18:24:40 [main] DEBUG com.incometaxcalculator.interestcalculator.Section234AInterestCalculator - Due Date : 2025-07-31
2025-12-29 18:24:40 [main] DEBUG com.incometaxcalculator.interestcalculator.Section234AInterestCalculator - diffInMonths: 0
2025-12-29 18:24:40 [main] INFO  com.incometaxcalculator.interestcalculator.Section234AInterestCalculator - Filing date is after due date, hence Section234A interest is applicable.
2025-12-29 18:24:40 [main] DEBUG com.incometaxcalculator.interestcalculator.Section234AInterestCalculator - Total Interest to pay under 234A is : 0.0
2025-12-29 18:24:40 [main] DEBUG com.incometaxcalculator.interestcalculator.Section234AInterestCalculator - Exiting calculateInterest of 234A
2025-12-29 18:24:40 [main] DEBUG com.incometaxcalculator.interestcalculator.Section234AInterestCalculator - --------------------
2025-12-29 18:24:40 [main] DEBUG com.incometaxcalculator.interestcalculator.Section234BInterestCalculator - --------------------
2025-12-29 18:24:40 [main] DEBUG com.incometaxcalculator.interestcalculator.Section234BInterestCalculator - entering into calculateinterest
2025-12-29 18:24:40 [main] DEBUG com.incometaxcalculator.interestcalculator.Section234BInterestCalculator - Advance tax in order : [AdvanceTax{advanceTax=10000.0, advanceTaxPaidDate='2024-09-11'}, AdvanceTax{advanceTax=10000.0, advanceTaxPaidDate='2025-03-31'}, AdvanceTax{advanceTax=5000.0, advanceTaxPaidDate='2025-05-30'}, AdvanceTax{advanceTax=5000.0, advanceTaxPaidDate='2025-06-02'}]
2025-12-29 18:24:40 [main] DEBUG com.incometaxcalculator.interestcalculator.Section234BInterestCalculator - Financial Year End Date : 2025-03-31
2025-12-29 18:24:40 [main] DEBUG com.incometaxcalculator.interestcalculator.Section234BInterestCalculator - Advance tax paid during financial year : 20000.0
2025-12-29 18:24:40 [main] INFO  com.incometaxcalculator.interestcalculator.Section234BInterestCalculator - 90% tax not paid before 31st march of financial year, hence Section234B interest is applicable.
2025-12-29 18:24:40 [main] DEBUG com.incometaxcalculator.interestcalculator.Section234BInterestCalculator - Initial short fall : 2779320.8
2025-12-29 18:24:40 [main] DEBUG com.incometaxcalculator.interestcalculator.Section234BInterestCalculator - Month: 2025-04 | Interest: 27793.208 | Based on Shortfall: 2779320.8
2025-12-29 18:24:40 [main] DEBUG com.incometaxcalculator.interestcalculator.Section234BInterestCalculator - Month: 2025-05 | Interest: 27793.208 | Based on Shortfall: 2779320.8
2025-12-29 18:24:40 [main] DEBUG com.incometaxcalculator.interestcalculator.Section234BInterestCalculator -    -> Payment detected: 5000.0 in 2025-05. Reduced Shortfall for next month: 2774320.8
2025-12-29 18:24:40 [main] DEBUG com.incometaxcalculator.interestcalculator.Section234BInterestCalculator - Month: 2025-06 | Interest: 27743.208 | Based on Shortfall: 2774320.8
2025-12-29 18:24:40 [main] DEBUG com.incometaxcalculator.interestcalculator.Section234BInterestCalculator -    -> Payment detected: 5000.0 in 2025-06. Reduced Shortfall for next month: 2769320.8
2025-12-29 18:24:40 [main] DEBUG com.incometaxcalculator.interestcalculator.Section234BInterestCalculator - Month: 2025-07 | Interest: 27693.208 | Based on Shortfall: 2769320.8
2025-12-29 18:24:40 [main] DEBUG com.incometaxcalculator.interestcalculator.Section234BInterestCalculator - Total Interest to pay : 111022.832
2025-12-29 18:24:40 [main] DEBUG com.incometaxcalculator.interestcalculator.Section234BInterestCalculator - Exiting calculateinterest
2025-12-29 18:24:40 [main] DEBUG com.incometaxcalculator.interestcalculator.Section234BInterestCalculator - --------------------
2025-12-29 18:24:40 [main] DEBUG com.incometaxcalculator.interestcalculator.Section234AInterestCalculator - Total interest is  com.incometaxcalculator.model.Interest@52af26ee
2025-12-29 18:24:40 [main] DEBUG com.incometaxcalculator.util.TaxLogger - --------------------
2025-12-29 18:24:40 [main] DEBUG com.incometaxcalculator.util.TaxLogger - Taxable Income: 9969000.0
2025-12-29 18:24:40 [main] DEBUG com.incometaxcalculator.util.TaxLogger - Basic Income Tax: 2390700.0
2025-12-29 18:24:40 [main] DEBUG com.incometaxcalculator.util.TaxLogger - Surcharge: 245570.0
2025-12-29 18:24:40 [main] DEBUG com.incometaxcalculator.util.TaxLogger - Health & Education Cess: 108050.8
2025-12-29 18:24:40 [main] DEBUG com.incometaxcalculator.util.TaxLogger - Interest u/s 234A: 0.0
2025-12-29 18:24:40 [main] DEBUG com.incometaxcalculator.util.TaxLogger - Interest u/s 234B: 111022.832
2025-12-29 18:24:40 [main] DEBUG com.incometaxcalculator.util.TaxLogger - Interest u/s 234C: 0.0
2025-12-29 18:24:40 [main] DEBUG com.incometaxcalculator.util.TaxLogger - Total Interest: 111022.832
2025-12-29 18:24:40 [main] DEBUG com.incometaxcalculator.util.TaxLogger - Total Tax Payable: 2799320.8
2025-12-29 18:24:40 [main] DEBUG com.incometaxcalculator.util.TaxLogger - -----------------------------------------
2025-12-29 18:28:43 [main] DEBUG com.incometaxcalculator.interestcalculator.Section234BInterestCalculator - --------------------
2025-12-29 18:28:43 [main] DEBUG com.incometaxcalculator.interestcalculator.Section234BInterestCalculator - entering into calculateinterest
2025-12-29 18:28:43 [main] DEBUG com.incometaxcalculator.interestcalculator.Section234BInterestCalculator - Advance tax in order : [AdvanceTax{advanceTax=10000.0, advanceTaxPaidDate='2024-09-11'}, AdvanceTax{advanceTax=10000.0, advanceTaxPaidDate='2025-03-31'}, AdvanceTax{advanceTax=5000.0, advanceTaxPaidDate='2025-05-30'}, AdvanceTax{advanceTax=5000.0, advanceTaxPaidDate='2025-06-02'}]
2025-12-29 18:28:43 [main] DEBUG com.incometaxcalculator.interestcalculator.Section234BInterestCalculator - Financial Year End Date : 2025-03-31
2025-12-29 18:28:43 [main] DEBUG com.incometaxcalculator.interestcalculator.Section234BInterestCalculator - Advance tax paid during financial year : 20000.0
2025-12-29 18:28:43 [main] INFO  com.incometaxcalculator.interestcalculator.Section234BInterestCalculator - 90% tax not paid before 31st march of financial year, hence Section234B interest is applicable.
2025-12-29 18:28:43 [main] DEBUG com.incometaxcalculator.interestcalculator.Section234BInterestCalculator - Initial short fall : 70000.0
2025-12-29 18:28:43 [main] DEBUG com.incometaxcalculator.interestcalculator.Section234BInterestCalculator - Month: 2025-04 | Interest: 700.0 | Based on Shortfall: 70000.0
2025-12-29 18:28:43 [main] DEBUG com.incometaxcalculator.interestcalculator.Section234BInterestCalculator - Month: 2025-05 | Interest: 700.0 | Based on Shortfall: 70000.0
2025-12-29 18:28:43 [main] DEBUG com.incometaxcalculator.interestcalculator.Section234BInterestCalculator -    -> Payment detected: 5000.0 in 2025-05. Reduced Shortfall for next month: 65000.0
2025-12-29 18:28:43 [main] DEBUG com.incometaxcalculator.interestcalculator.Section234BInterestCalculator - Month: 2025-06 | Interest: 650.0 | Based on Shortfall: 65000.0
2025-12-29 18:28:43 [main] DEBUG com.incometaxcalculator.interestcalculator.Section234BInterestCalculator -    -> Payment detected: 5000.0 in 2025-06. Reduced Shortfall for next month: 60000.0
2025-12-29 18:28:43 [main] DEBUG com.incometaxcalculator.interestcalculator.Section234BInterestCalculator - Month: 2025-07 | Interest: 600.0 | Based on Shortfall: 60000.0
2025-12-29 18:28:43 [main] DEBUG com.incometaxcalculator.interestcalculator.Section234BInterestCalculator - Month: 2025-08 | Interest: 600.0 | Based on Shortfall: 60000.0
2025-12-29 18:28:43 [main] DEBUG com.incometaxcalculator.interestcalculator.Section234BInterestCalculator - Month: 2025-09 | Interest: 600.0 | Based on Shortfall: 60000.0
2025-12-29 18:28:43 [main] DEBUG com.incometaxcalculator.interestcalculator.Section234BInterestCalculator - Total Interest to pay : 3850.0
2025-12-29 18:28:43 [main] DEBUG com.incometaxcalculator.interestcalculator.Section234BInterestCalculator - Exiting calculateinterest
2025-12-29 18:28:43 [main] DEBUG com.incometaxcalculator.interestcalculator.Section234BInterestCalculator - --------------------
2025-12-29 18:28:43 [main] DEBUG com.incometaxcalculator.util.TaxLogger - --------------------
2025-12-29 18:28:43 [main] DEBUG com.incometaxcalculator.util.TaxLogger - Payee: Saarthak
2025-12-29 18:28:43 [main] DEBUG com.incometaxcalculator.util.TaxLogger - Assessment Year: 2025-2026
2025-12-29 18:28:43 [main] DEBUG com.incometaxcalculator.util.TaxLogger - Regime Type: NEW
2025-12-29 18:28:43 [main] DEBUG com.incometaxcalculator.util.TaxLogger - Total Income Declared: 1.0E7
2025-12-29 18:28:43 [main] DEBUG com.incometaxcalculator.util.TaxLogger - Filing Date: 2025-09-05
2025-12-29 18:28:43 [main] DEBUG com.incometaxcalculator.util.TaxLogger - Advance Tax Entries Found: 4
2025-12-29 18:28:43 [main] DEBUG com.incometaxcalculator.interestcalculator.Section234AInterestCalculator - totaling all the interests 
2025-12-29 18:28:43 [main] DEBUG com.incometaxcalculator.interestcalculator.Section234AInterestCalculator - --------------------
2025-12-29 18:28:43 [main] DEBUG com.incometaxcalculator.interestcalculator.Section234AInterestCalculator - entering into calculateInterest for 234A
2025-12-29 18:28:43 [main] DEBUG com.incometaxcalculator.interestcalculator.Section234AInterestCalculator - Due Date : 2025-07-31
2025-12-29 18:28:43 [main] DEBUG com.incometaxcalculator.interestcalculator.Section234AInterestCalculator - diffInMonths: 2
2025-12-29 18:28:43 [main] INFO  com.incometaxcalculator.interestcalculator.Section234AInterestCalculator - Filing date is after due date, hence Section234A interest is applicable.
2025-12-29 18:28:43 [main] DEBUG com.incometaxcalculator.interestcalculator.Section234AInterestCalculator - Total Interest to pay under 234A is : 55986.416
2025-12-29 18:28:43 [main] DEBUG com.incometaxcalculator.interestcalculator.Section234AInterestCalculator - Exiting calculateInterest of 234A
2025-12-29 18:28:43 [main] DEBUG com.incometaxcalculator.interestcalculator.Section234AInterestCalculator - --------------------
2025-12-29 18:28:43 [main] DEBUG com.incometaxcalculator.interestcalculator.Section234BInterestCalculator - --------------------
2025-12-29 18:28:43 [main] DEBUG com.incometaxcalculator.interestcalculator.Section234BInterestCalculator - entering into calculateinterest
2025-12-29 18:28:43 [main] DEBUG com.incometaxcalculator.interestcalculator.Section234BInterestCalculator - Advance tax in order : [AdvanceTax{advanceTax=10000.0, advanceTaxPaidDate='2024-09-11'}, AdvanceTax{advanceTax=10000.0, advanceTaxPaidDate='2025-03-31'}, AdvanceTax{advanceTax=5000.0, advanceTaxPaidDate='2025-05-30'}, AdvanceTax{advanceTax=5000.0, advanceTaxPaidDate='2025-06-02'}]
2025-12-29 18:28:43 [main] DEBUG com.incometaxcalculator.interestcalculator.Section234BInterestCalculator - Financial Year End Date : 2025-03-31
2025-12-29 18:28:43 [main] DEBUG com.incometaxcalculator.interestcalculator.Section234BInterestCalculator - Advance tax paid during financial year : 20000.0
2025-12-29 18:28:43 [main] INFO  com.incometaxcalculator.interestcalculator.Section234BInterestCalculator - 90% tax not paid before 31st march of financial year, hence Section234B interest is applicable.
2025-12-29 18:28:43 [main] DEBUG com.incometaxcalculator.interestcalculator.Section234BInterestCalculator - Initial short fall : 2779320.8
2025-12-29 18:28:43 [main] DEBUG com.incometaxcalculator.interestcalculator.Section234BInterestCalculator - Month: 2025-04 | Interest: 27793.208 | Based on Shortfall: 2779320.8
2025-12-29 18:28:43 [main] DEBUG com.incometaxcalculator.interestcalculator.Section234BInterestCalculator - Month: 2025-05 | Interest: 27793.208 | Based on Shortfall: 2779320.8
2025-12-29 18:28:43 [main] DEBUG com.incometaxcalculator.interestcalculator.Section234BInterestCalculator -    -> Payment detected: 5000.0 in 2025-05. Reduced Shortfall for next month: 2774320.8
2025-12-29 18:28:43 [main] DEBUG com.incometaxcalculator.interestcalculator.Section234BInterestCalculator - Month: 2025-06 | Interest: 27743.208 | Based on Shortfall: 2774320.8
2025-12-29 18:28:43 [main] DEBUG com.incometaxcalculator.interestcalculator.Section234BInterestCalculator -    -> Payment detected: 5000.0 in 2025-06. Reduced Shortfall for next month: 2769320.8
2025-12-29 18:28:43 [main] DEBUG com.incometaxcalculator.interestcalculator.Section234BInterestCalculator - Month: 2025-07 | Interest: 27693.208 | Based on Shortfall: 2769320.8
2025-12-29 18:28:43 [main] DEBUG com.incometaxcalculator.interestcalculator.Section234BInterestCalculator - Month: 2025-08 | Interest: 27693.208 | Based on Shortfall: 2769320.8
2025-12-29 18:28:43 [main] DEBUG com.incometaxcalculator.interestcalculator.Section234BInterestCalculator - Month: 2025-09 | Interest: 27693.208 | Based on Shortfall: 2769320.8
2025-12-29 18:28:43 [main] DEBUG com.incometaxcalculator.interestcalculator.Section234BInterestCalculator - Total Interest to pay : 166409.24799999996
2025-12-29 18:28:43 [main] DEBUG com.incometaxcalculator.interestcalculator.Section234BInterestCalculator - Exiting calculateinterest
2025-12-29 18:28:43 [main] DEBUG com.incometaxcalculator.interestcalculator.Section234BInterestCalculator - --------------------
2025-12-29 18:28:43 [main] DEBUG com.incometaxcalculator.interestcalculator.Section234AInterestCalculator - Total interest is  com.incometaxcalculator.model.Interest@52af26ee
2025-12-29 18:28:43 [main] DEBUG com.incometaxcalculator.util.TaxLogger - --------------------
2025-12-29 18:28:43 [main] DEBUG com.incometaxcalculator.util.TaxLogger - Taxable Income: 9969000.0
2025-12-29 18:28:43 [main] DEBUG com.incometaxcalculator.util.TaxLogger - Basic Income Tax: 2390700.0
2025-12-29 18:28:43 [main] DEBUG com.incometaxcalculator.util.TaxLogger - Surcharge: 245570.0
2025-12-29 18:28:43 [main] DEBUG com.incometaxcalculator.util.TaxLogger - Health & Education Cess: 108050.8
2025-12-29 18:28:43 [main] DEBUG com.incometaxcalculator.util.TaxLogger - Interest u/s 234A: 55986.416
2025-12-29 18:28:43 [main] DEBUG com.incometaxcalculator.util.TaxLogger - Interest u/s 234B: 166409.24799999996
2025-12-29 18:28:43 [main] DEBUG com.incometaxcalculator.util.TaxLogger - Interest u/s 234C: 0.0
2025-12-29 18:28:43 [main] DEBUG com.incometaxcalculator.util.TaxLogger - Total Interest: 222395.66399999996
2025-12-29 18:28:43 [main] DEBUG com.incometaxcalculator.util.TaxLogger - Total Tax Payable: 2799320.8
2025-12-29 18:28:43 [main] DEBUG com.incometaxcalculator.util.TaxLogger - -----------------------------------------
2025-12-29 18:33:05 [main] DEBUG com.incometaxcalculator.interestcalculator.Section234BInterestCalculator - --------------------
2025-12-29 18:33:05 [main] DEBUG com.incometaxcalculator.interestcalculator.Section234BInterestCalculator - entering into calculateinterest
2025-12-29 18:33:05 [main] DEBUG com.incometaxcalculator.interestcalculator.Section234BInterestCalculator - Advance tax in order : [AdvanceTax{advanceTax=-10000.0, advanceTaxPaidDate='2024-09-11'}, AdvanceTax{advanceTax=10000.0, advanceTaxPaidDate='2025-03-31'}, AdvanceTax{advanceTax=5000.0, advanceTaxPaidDate='2025-05-30'}, AdvanceTax{advanceTax=5000.0, advanceTaxPaidDate='2025-06-02'}]
2025-12-29 18:33:05 [main] DEBUG com.incometaxcalculator.interestcalculator.Section234BInterestCalculator - Financial Year End Date : 2025-03-31
2025-12-29 18:33:05 [main] DEBUG com.incometaxcalculator.interestcalculator.Section234BInterestCalculator - Advance tax paid during financial year : 0.0
2025-12-29 18:33:05 [main] INFO  com.incometaxcalculator.interestcalculator.Section234BInterestCalculator - 90% tax not paid before 31st march of financial year, hence Section234B interest is applicable.
2025-12-29 18:33:05 [main] DEBUG com.incometaxcalculator.interestcalculator.Section234BInterestCalculator - Initial short fall : 90000.0
2025-12-29 18:33:05 [main] DEBUG com.incometaxcalculator.interestcalculator.Section234BInterestCalculator - Month: 2025-04 | Interest: 900.0 | Based on Shortfall: 90000.0
2025-12-29 18:33:05 [main] DEBUG com.incometaxcalculator.interestcalculator.Section234BInterestCalculator - Month: 2025-05 | Interest: 900.0 | Based on Shortfall: 90000.0
2025-12-29 18:33:05 [main] DEBUG com.incometaxcalculator.interestcalculator.Section234BInterestCalculator -    -> Payment detected: 5000.0 in 2025-05. Reduced Shortfall for next month: 85000.0
2025-12-29 18:33:05 [main] DEBUG com.incometaxcalculator.interestcalculator.Section234BInterestCalculator - Month: 2025-06 | Interest: 850.0 | Based on Shortfall: 85000.0
2025-12-29 18:33:05 [main] DEBUG com.incometaxcalculator.interestcalculator.Section234BInterestCalculator -    -> Payment detected: 5000.0 in 2025-06. Reduced Shortfall for next month: 80000.0
2025-12-29 18:33:05 [main] DEBUG com.incometaxcalculator.interestcalculator.Section234BInterestCalculator - Month: 2025-07 | Interest: 800.0 | Based on Shortfall: 80000.0
2025-12-29 18:33:05 [main] DEBUG com.incometaxcalculator.interestcalculator.Section234BInterestCalculator - Month: 2025-08 | Interest: 800.0 | Based on Shortfall: 80000.0
2025-12-29 18:33:05 [main] DEBUG com.incometaxcalculator.interestcalculator.Section234BInterestCalculator - Month: 2025-09 | Interest: 800.0 | Based on Shortfall: 80000.0
2025-12-29 18:33:05 [main] DEBUG com.incometaxcalculator.interestcalculator.Section234BInterestCalculator - Total Interest to pay : 5050.0
2025-12-29 18:33:05 [main] DEBUG com.incometaxcalculator.interestcalculator.Section234BInterestCalculator - Exiting calculateinterest
2025-12-29 18:33:05 [main] DEBUG com.incometaxcalculator.interestcalculator.Section234BInterestCalculator - --------------------
2025-12-29 18:33:05 [main] DEBUG com.incometaxcalculator.util.TaxLogger - --------------------
2025-12-29 18:33:05 [main] DEBUG com.incometaxcalculator.util.TaxLogger - Payee: Saarthak
2025-12-29 18:33:05 [main] DEBUG com.incometaxcalculator.util.TaxLogger - Assessment Year: 2025-2026
2025-12-29 18:33:05 [main] DEBUG com.incometaxcalculator.util.TaxLogger - Regime Type: NEW
2025-12-29 18:33:05 [main] DEBUG com.incometaxcalculator.util.TaxLogger - Total Income Declared: 1.0E7
2025-12-29 18:33:05 [main] DEBUG com.incometaxcalculator.util.TaxLogger - Filing Date: 2025-09-05
2025-12-29 18:33:05 [main] DEBUG com.incometaxcalculator.util.TaxLogger - Advance Tax Entries Found: 4
2025-12-29 18:33:05 [main] DEBUG com.incometaxcalculator.interestcalculator.Section234AInterestCalculator - totaling all the interests 
2025-12-29 18:33:05 [main] DEBUG com.incometaxcalculator.interestcalculator.Section234AInterestCalculator - --------------------
2025-12-29 18:33:05 [main] DEBUG com.incometaxcalculator.interestcalculator.Section234AInterestCalculator - entering into calculateInterest for 234A
2025-12-29 18:33:05 [main] DEBUG com.incometaxcalculator.interestcalculator.Section234AInterestCalculator - Due Date : 2025-07-31
2025-12-29 18:33:05 [main] DEBUG com.incometaxcalculator.interestcalculator.Section234AInterestCalculator - diffInMonths: 2
2025-12-29 18:33:05 [main] INFO  com.incometaxcalculator.interestcalculator.Section234AInterestCalculator - Filing date is after due date, hence Section234A interest is applicable.
2025-12-29 18:33:05 [main] DEBUG com.incometaxcalculator.interestcalculator.Section234AInterestCalculator - Total Interest to pay under 234A is : 55986.416
2025-12-29 18:33:05 [main] DEBUG com.incometaxcalculator.interestcalculator.Section234AInterestCalculator - Exiting calculateInterest of 234A
2025-12-29 18:33:05 [main] DEBUG com.incometaxcalculator.interestcalculator.Section234AInterestCalculator - --------------------
2025-12-29 18:33:05 [main] DEBUG com.incometaxcalculator.interestcalculator.Section234BInterestCalculator - --------------------
2025-12-29 18:33:05 [main] DEBUG com.incometaxcalculator.interestcalculator.Section234BInterestCalculator - entering into calculateinterest
2025-12-29 18:33:05 [main] DEBUG com.incometaxcalculator.interestcalculator.Section234BInterestCalculator - Advance tax in order : [AdvanceTax{advanceTax=-10000.0, advanceTaxPaidDate='2024-09-11'}, AdvanceTax{advanceTax=10000.0, advanceTaxPaidDate='2025-03-31'}, AdvanceTax{advanceTax=5000.0, advanceTaxPaidDate='2025-05-30'}, AdvanceTax{advanceTax=5000.0, advanceTaxPaidDate='2025-06-02'}]
2025-12-29 18:33:05 [main] DEBUG com.incometaxcalculator.interestcalculator.Section234BInterestCalculator - Financial Year End Date : 2025-03-31
2025-12-29 18:33:05 [main] DEBUG com.incometaxcalculator.interestcalculator.Section234BInterestCalculator - Advance tax paid during financial year : 0.0
2025-12-29 18:33:05 [main] INFO  com.incometaxcalculator.interestcalculator.Section234BInterestCalculator - 90% tax not paid before 31st march of financial year, hence Section234B interest is applicable.
2025-12-29 18:33:05 [main] DEBUG com.incometaxcalculator.interestcalculator.Section234BInterestCalculator - Initial short fall : 2799320.8
2025-12-29 18:33:05 [main] DEBUG com.incometaxcalculator.interestcalculator.Section234BInterestCalculator - Month: 2025-04 | Interest: 27993.208 | Based on Shortfall: 2799320.8
2025-12-29 18:33:05 [main] DEBUG com.incometaxcalculator.interestcalculator.Section234BInterestCalculator - Month: 2025-05 | Interest: 27993.208 | Based on Shortfall: 2799320.8
2025-12-29 18:33:05 [main] DEBUG com.incometaxcalculator.interestcalculator.Section234BInterestCalculator -    -> Payment detected: 5000.0 in 2025-05. Reduced Shortfall for next month: 2794320.8
2025-12-29 18:33:05 [main] DEBUG com.incometaxcalculator.interestcalculator.Section234BInterestCalculator - Month: 2025-06 | Interest: 27943.208 | Based on Shortfall: 2794320.8
2025-12-29 18:33:05 [main] DEBUG com.incometaxcalculator.interestcalculator.Section234BInterestCalculator -    -> Payment detected: 5000.0 in 2025-06. Reduced Shortfall for next month: 2789320.8
2025-12-29 18:33:05 [main] DEBUG com.incometaxcalculator.interestcalculator.Section234BInterestCalculator - Month: 2025-07 | Interest: 27893.208 | Based on Shortfall: 2789320.8
2025-12-29 18:33:05 [main] DEBUG com.incometaxcalculator.interestcalculator.Section234BInterestCalculator - Month: 2025-08 | Interest: 27893.208 | Based on Shortfall: 2789320.8
2025-12-29 18:33:05 [main] DEBUG com.incometaxcalculator.interestcalculator.Section234BInterestCalculator - Month: 2025-09 | Interest: 27893.208 | Based on Shortfall: 2789320.8
2025-12-29 18:33:05 [main] DEBUG com.incometaxcalculator.interestcalculator.Section234BInterestCalculator - Total Interest to pay : 167609.24799999996
2025-12-29 18:33:05 [main] DEBUG com.incometaxcalculator.interestcalculator.Section234BInterestCalculator - Exiting calculateinterest
2025-12-29 18:33:05 [main] DEBUG com.incometaxcalculator.interestcalculator.Section234BInterestCalculator - --------------------
2025-12-29 18:33:05 [main] DEBUG com.incometaxcalculator.interestcalculator.Section234AInterestCalculator - Total interest is  com.incometaxcalculator.model.Interest@52af26ee
2025-12-29 18:33:05 [main] DEBUG com.incometaxcalculator.util.TaxLogger - --------------------
2025-12-29 18:33:05 [main] DEBUG com.incometaxcalculator.util.TaxLogger - Taxable Income: 9969000.0
2025-12-29 18:33:05 [main] DEBUG com.incometaxcalculator.util.TaxLogger - Basic Income Tax: 2390700.0
2025-12-29 18:33:05 [main] DEBUG com.incometaxcalculator.util.TaxLogger - Surcharge: 245570.0
2025-12-29 18:33:05 [main] DEBUG com.incometaxcalculator.util.TaxLogger - Health & Education Cess: 108050.8
2025-12-29 18:33:05 [main] DEBUG com.incometaxcalculator.util.TaxLogger - Interest u/s 234A: 55986.416
2025-12-29 18:33:05 [main] DEBUG com.incometaxcalculator.util.TaxLogger - Interest u/s 234B: 167609.24799999996
2025-12-29 18:33:05 [main] DEBUG com.incometaxcalculator.util.TaxLogger - Interest u/s 234C: 0.0
2025-12-29 18:33:05 [main] DEBUG com.incometaxcalculator.util.TaxLogger - Total Interest: 223595.66399999996
2025-12-29 18:33:05 [main] DEBUG com.incometaxcalculator.util.TaxLogger - Total Tax Payable: 2799320.8
2025-12-29 18:33:05 [main] DEBUG com.incometaxcalculator.util.TaxLogger - -----------------------------------------
2025-12-29 18:33:25 [main] DEBUG com.incometaxcalculator.util.TaxLogger - --------------------
2025-12-29 18:33:25 [main] DEBUG com.incometaxcalculator.util.TaxLogger - Payee: Saarthak
2025-12-29 18:33:25 [main] DEBUG com.incometaxcalculator.util.TaxLogger - Assessment Year: 2025-2026
2025-12-29 18:33:25 [main] DEBUG com.incometaxcalculator.util.TaxLogger - Regime Type: NEW
2025-12-29 18:33:25 [main] DEBUG com.incometaxcalculator.util.TaxLogger - Total Income Declared: 1.0E7
2025-12-29 18:33:25 [main] DEBUG com.incometaxcalculator.util.TaxLogger - Filing Date: 2025-09-05
2025-12-29 18:33:25 [main] DEBUG com.incometaxcalculator.util.TaxLogger - Advance Tax Entries Found: 4
2025-12-29 18:33:25 [main] DEBUG com.incometaxcalculator.interestcalculator.Section234AInterestCalculator - totaling all the interests 
2025-12-29 18:33:25 [main] DEBUG com.incometaxcalculator.interestcalculator.Section234AInterestCalculator - --------------------
2025-12-29 18:33:25 [main] DEBUG com.incometaxcalculator.interestcalculator.Section234AInterestCalculator - entering into calculateInterest for 234A
2025-12-29 18:33:25 [main] DEBUG com.incometaxcalculator.interestcalculator.Section234AInterestCalculator - Due Date : 2025-07-31
2025-12-29 18:33:25 [main] DEBUG com.incometaxcalculator.interestcalculator.Section234AInterestCalculator - diffInMonths: 2
2025-12-29 18:33:25 [main] INFO  com.incometaxcalculator.interestcalculator.Section234AInterestCalculator - Filing date is after due date, hence Section234A interest is applicable.
2025-12-29 18:33:25 [main] DEBUG com.incometaxcalculator.interestcalculator.Section234AInterestCalculator - Total Interest to pay under 234A is : 55986.416
2025-12-29 18:33:25 [main] DEBUG com.incometaxcalculator.interestcalculator.Section234AInterestCalculator - Exiting calculateInterest of 234A
2025-12-29 18:33:25 [main] DEBUG com.incometaxcalculator.interestcalculator.Section234AInterestCalculator - --------------------
2025-12-29 18:33:25 [main] DEBUG com.incometaxcalculator.interestcalculator.Section234BInterestCalculator - --------------------
2025-12-29 18:33:25 [main] DEBUG com.incometaxcalculator.interestcalculator.Section234BInterestCalculator - entering into calculateinterest
2025-12-29 18:33:25 [main] DEBUG com.incometaxcalculator.interestcalculator.Section234BInterestCalculator - Advance tax in order : [AdvanceTax{advanceTax=-10000.0, advanceTaxPaidDate='2024-09-11'}, AdvanceTax{advanceTax=10000.0, advanceTaxPaidDate='2025-03-31'}, AdvanceTax{advanceTax=5000.0, advanceTaxPaidDate='2025-05-30'}, AdvanceTax{advanceTax=5000.0, advanceTaxPaidDate='2025-06-02'}]
2025-12-29 18:33:25 [main] DEBUG com.incometaxcalculator.interestcalculator.Section234BInterestCalculator - Financial Year End Date : 2025-03-31
2025-12-29 18:33:25 [main] DEBUG com.incometaxcalculator.interestcalculator.Section234BInterestCalculator - Advance tax paid during financial year : 0.0
2025-12-29 18:33:25 [main] INFO  com.incometaxcalculator.interestcalculator.Section234BInterestCalculator - 90% tax not paid before 31st march of financial year, hence Section234B interest is applicable.
2025-12-29 18:33:25 [main] DEBUG com.incometaxcalculator.interestcalculator.Section234BInterestCalculator - Initial short fall : 2799320.8
2025-12-29 18:33:25 [main] DEBUG com.incometaxcalculator.interestcalculator.Section234BInterestCalculator - Month: 2025-04 | Interest: 27993.208 | Based on Shortfall: 2799320.8
2025-12-29 18:33:25 [main] DEBUG com.incometaxcalculator.interestcalculator.Section234BInterestCalculator - Month: 2025-05 | Interest: 27993.208 | Based on Shortfall: 2799320.8
2025-12-29 18:33:25 [main] DEBUG com.incometaxcalculator.interestcalculator.Section234BInterestCalculator -    -> Payment detected: 5000.0 in 2025-05. Reduced Shortfall for next month: 2794320.8
2025-12-29 18:33:25 [main] DEBUG com.incometaxcalculator.interestcalculator.Section234BInterestCalculator - Month: 2025-06 | Interest: 27943.208 | Based on Shortfall: 2794320.8
2025-12-29 18:33:25 [main] DEBUG com.incometaxcalculator.interestcalculator.Section234BInterestCalculator -    -> Payment detected: 5000.0 in 2025-06. Reduced Shortfall for next month: 2789320.8
2025-12-29 18:33:25 [main] DEBUG com.incometaxcalculator.interestcalculator.Section234BInterestCalculator - Month: 2025-07 | Interest: 27893.208 | Based on Shortfall: 2789320.8
2025-12-29 18:33:25 [main] DEBUG com.incometaxcalculator.interestcalculator.Section234BInterestCalculator - Month: 2025-08 | Interest: 27893.208 | Based on Shortfall: 2789320.8
2025-12-29 18:33:25 [main] DEBUG com.incometaxcalculator.interestcalculator.Section234BInterestCalculator - Month: 2025-09 | Interest: 27893.208 | Based on Shortfall: 2789320.8
2025-12-29 18:33:25 [main] DEBUG com.incometaxcalculator.interestcalculator.Section234BInterestCalculator - Total Interest to pay : 167609.24799999996
2025-12-29 18:33:25 [main] DEBUG com.incometaxcalculator.interestcalculator.Section234BInterestCalculator - Exiting calculateinterest
2025-12-29 18:33:25 [main] DEBUG com.incometaxcalculator.interestcalculator.Section234BInterestCalculator - --------------------
2025-12-29 18:33:25 [main] DEBUG com.incometaxcalculator.interestcalculator.Section234AInterestCalculator - Total interest is  com.incometaxcalculator.model.Interest@52af26ee
2025-12-29 18:33:25 [main] DEBUG com.incometaxcalculator.util.TaxLogger - --------------------
2025-12-29 18:33:25 [main] DEBUG com.incometaxcalculator.util.TaxLogger - Taxable Income: 9969000.0
2025-12-29 18:33:25 [main] DEBUG com.incometaxcalculator.util.TaxLogger - Basic Income Tax: 2390700.0
2025-12-29 18:33:25 [main] DEBUG com.incometaxcalculator.util.TaxLogger - Surcharge: 245570.0
2025-12-29 18:33:25 [main] DEBUG com.incometaxcalculator.util.TaxLogger - Health & Education Cess: 108050.8
2025-12-29 18:33:25 [main] DEBUG com.incometaxcalculator.util.TaxLogger - Interest u/s 234A: 55986.416
2025-12-29 18:33:25 [main] DEBUG com.incometaxcalculator.util.TaxLogger - Interest u/s 234B: 167609.24799999996
2025-12-29 18:33:25 [main] DEBUG com.incometaxcalculator.util.TaxLogger - Interest u/s 234C: 0.0
2025-12-29 18:33:25 [main] DEBUG com.incometaxcalculator.util.TaxLogger - Total Interest: 223595.66399999996
2025-12-29 18:33:25 [main] DEBUG com.incometaxcalculator.util.TaxLogger - Total Tax Payable: 2799320.8
2025-12-29 18:33:25 [main] DEBUG com.incometaxcalculator.util.TaxLogger - -----------------------------------------
2025-12-29 18:34:38 [main] DEBUG com.incometaxcalculator.util.TaxLogger - --------------------
2025-12-29 18:34:38 [main] DEBUG com.incometaxcalculator.util.TaxLogger - Payee: Saarthak
2025-12-29 18:34:38 [main] DEBUG com.incometaxcalculator.util.TaxLogger - Assessment Year: 2025-2026
2025-12-29 18:34:38 [main] DEBUG com.incometaxcalculator.util.TaxLogger - Regime Type: NEW
2025-12-29 18:34:38 [main] DEBUG com.incometaxcalculator.util.TaxLogger - Total Income Declared: 1.0E7
2025-12-29 18:34:38 [main] DEBUG com.incometaxcalculator.util.TaxLogger - Filing Date: 2025-09-05
2025-12-29 18:34:38 [main] DEBUG com.incometaxcalculator.util.TaxLogger - Advance Tax Entries Found: 4
2025-12-29 18:34:38 [main] DEBUG com.incometaxcalculator.interestcalculator.Section234AInterestCalculator - totaling all the interests 
2025-12-29 18:34:38 [main] DEBUG com.incometaxcalculator.interestcalculator.Section234AInterestCalculator - --------------------
2025-12-29 18:34:38 [main] DEBUG com.incometaxcalculator.interestcalculator.Section234AInterestCalculator - entering into calculateInterest for 234A
2025-12-29 18:34:38 [main] DEBUG com.incometaxcalculator.interestcalculator.Section234AInterestCalculator - Due Date : 2025-07-31
2025-12-29 18:34:38 [main] DEBUG com.incometaxcalculator.interestcalculator.Section234AInterestCalculator - diffInMonths: 2
2025-12-29 18:34:38 [main] INFO  com.incometaxcalculator.interestcalculator.Section234AInterestCalculator - Filing date is after due date, hence Section234A interest is applicable.
2025-12-29 18:34:38 [main] DEBUG com.incometaxcalculator.interestcalculator.Section234AInterestCalculator - Total Interest to pay under 234A is : 55986.416
2025-12-29 18:34:38 [main] DEBUG com.incometaxcalculator.interestcalculator.Section234AInterestCalculator - Exiting calculateInterest of 234A
2025-12-29 18:34:38 [main] DEBUG com.incometaxcalculator.interestcalculator.Section234AInterestCalculator - --------------------
2025-12-29 18:34:38 [main] DEBUG com.incometaxcalculator.interestcalculator.Section234BInterestCalculator - --------------------
2025-12-29 18:34:38 [main] DEBUG com.incometaxcalculator.interestcalculator.Section234BInterestCalculator - entering into calculateinterest
2025-12-29 18:45:06 [main] DEBUG com.incometaxcalculator.util.TaxLogger - --------------------
2025-12-29 18:45:06 [main] DEBUG com.incometaxcalculator.util.TaxLogger - Payee: Saarthak
2025-12-29 18:45:06 [main] DEBUG com.incometaxcalculator.util.TaxLogger - Assessment Year: 2025-2026
2025-12-29 18:45:06 [main] DEBUG com.incometaxcalculator.util.TaxLogger - Regime Type: NEW
2025-12-29 18:45:06 [main] DEBUG com.incometaxcalculator.util.TaxLogger - Total Income Declared: 1.0E7
2025-12-29 18:45:06 [main] DEBUG com.incometaxcalculator.util.TaxLogger - Filing Date: 2025-09-05
2025-12-29 18:45:06 [main] DEBUG com.incometaxcalculator.util.TaxLogger - Advance Tax Entries Found: 4
2025-12-29 18:45:06 [main] DEBUG com.incometaxcalculator.interestcalculator.Section234AInterestCalculator - totaling all the interests 
2025-12-29 18:45:06 [main] DEBUG com.incometaxcalculator.interestcalculator.Section234AInterestCalculator - --------------------
2025-12-29 18:45:06 [main] DEBUG com.incometaxcalculator.interestcalculator.Section234AInterestCalculator - entering into calculateInterest for 234A
2025-12-29 18:45:06 [main] DEBUG com.incometaxcalculator.interestcalculator.Section234AInterestCalculator - Due Date : 2025-07-31
2025-12-29 18:45:06 [main] DEBUG com.incometaxcalculator.interestcalculator.Section234AInterestCalculator - diffInMonths: 2
2025-12-29 18:45:06 [main] INFO  com.incometaxcalculator.interestcalculator.Section234AInterestCalculator - Filing date is after due date, hence Section234A interest is applicable.
2025-12-29 18:45:06 [main] DEBUG com.incometaxcalculator.interestcalculator.Section234AInterestCalculator - Total Interest to pay under 234A is : 55986.416
2025-12-29 18:45:06 [main] DEBUG com.incometaxcalculator.interestcalculator.Section234AInterestCalculator - Exiting calculateInterest of 234A
2025-12-29 18:45:06 [main] DEBUG com.incometaxcalculator.interestcalculator.Section234AInterestCalculator - --------------------
2025-12-29 18:45:06 [main] DEBUG com.incometaxcalculator.interestcalculator.Section234BInterestCalculator - --------------------
2025-12-29 18:45:06 [main] DEBUG com.incometaxcalculator.interestcalculator.Section234BInterestCalculator - entering into calculateinterest
2025-12-29 18:45:06 [main] DEBUG com.incometaxcalculator.interestcalculator.Section234BInterestCalculator - Advance tax in order : [AdvanceTax{advanceTax=10000.0, advanceTaxPaidDate='2024-09-11'}, AdvanceTax{advanceTax=10000.0, advanceTaxPaidDate='2025-03-31'}, AdvanceTax{advanceTax=5000.0, advanceTaxPaidDate='2025-05-30'}, AdvanceTax{advanceTax=5000.0, advanceTaxPaidDate='2025-06-02'}]
2025-12-29 18:45:06 [main] DEBUG com.incometaxcalculator.interestcalculator.Section234BInterestCalculator - Financial Year End Date : 2025-03-31
2025-12-29 18:45:06 [main] DEBUG com.incometaxcalculator.interestcalculator.Section234BInterestCalculator - Advance tax paid during financial year : 20000.0
2025-12-29 18:45:06 [main] INFO  com.incometaxcalculator.interestcalculator.Section234BInterestCalculator - 90% tax not paid before 31st march of financial year, hence Section234B interest is applicable.
2025-12-29 18:45:06 [main] DEBUG com.incometaxcalculator.interestcalculator.Section234BInterestCalculator - Initial short fall : 2779320.8
2025-12-29 18:45:06 [main] DEBUG com.incometaxcalculator.interestcalculator.Section234BInterestCalculator - Month: 2025-04 | Interest: 27793.208 | Based on Shortfall: 2779320.8
2025-12-29 18:45:06 [main] DEBUG com.incometaxcalculator.interestcalculator.Section234BInterestCalculator - Month: 2025-05 | Interest: 27793.208 | Based on Shortfall: 2779320.8
2025-12-29 18:45:06 [main] DEBUG com.incometaxcalculator.interestcalculator.Section234BInterestCalculator -    -> Payment detected: 5000.0 in 2025-05. Reduced Shortfall for next month: 2774320.8
2025-12-29 18:45:06 [main] DEBUG com.incometaxcalculator.interestcalculator.Section234BInterestCalculator - Month: 2025-06 | Interest: 27743.208 | Based on Shortfall: 2774320.8
2025-12-29 18:45:06 [main] DEBUG com.incometaxcalculator.interestcalculator.Section234BInterestCalculator -    -> Payment detected: 5000.0 in 2025-06. Reduced Shortfall for next month: 2769320.8
2025-12-29 18:45:06 [main] DEBUG com.incometaxcalculator.interestcalculator.Section234BInterestCalculator - Month: 2025-07 | Interest: 27693.208 | Based on Shortfall: 2769320.8
2025-12-29 18:45:06 [main] DEBUG com.incometaxcalculator.interestcalculator.Section234BInterestCalculator - Month: 2025-08 | Interest: 27693.208 | Based on Shortfall: 2769320.8
2025-12-29 18:45:06 [main] DEBUG com.incometaxcalculator.interestcalculator.Section234BInterestCalculator - Month: 2025-09 | Interest: 27693.208 | Based on Shortfall: 2769320.8
2025-12-29 18:45:06 [main] DEBUG com.incometaxcalculator.interestcalculator.Section234BInterestCalculator - Total Interest to pay : 166409.24799999996
2025-12-29 18:45:06 [main] DEBUG com.incometaxcalculator.interestcalculator.Section234BInterestCalculator - Exiting calculateinterest
2025-12-29 18:45:06 [main] DEBUG com.incometaxcalculator.interestcalculator.Section234BInterestCalculator - --------------------
2025-12-29 18:45:06 [main] DEBUG com.incometaxcalculator.interestcalculator.Section234AInterestCalculator - Total interest is  com.incometaxcalculator.model.Interest@52af26ee
2025-12-29 18:45:06 [main] DEBUG com.incometaxcalculator.util.TaxLogger - --------------------
2025-12-29 18:45:06 [main] DEBUG com.incometaxcalculator.util.TaxLogger - Taxable Income: 9969000.0
2025-12-29 18:45:06 [main] DEBUG com.incometaxcalculator.util.TaxLogger - Basic Income Tax: 2390700.0
2025-12-29 18:45:06 [main] DEBUG com.incometaxcalculator.util.TaxLogger - Surcharge: 245570.0
2025-12-29 18:45:06 [main] DEBUG com.incometaxcalculator.util.TaxLogger - Health & Education Cess: 108050.8
2025-12-29 18:45:06 [main] DEBUG com.incometaxcalculator.util.TaxLogger - Interest u/s 234A: 55986.416
2025-12-29 18:45:06 [main] DEBUG com.incometaxcalculator.util.TaxLogger - Interest u/s 234B: 166409.24799999996
2025-12-29 18:45:06 [main] DEBUG com.incometaxcalculator.util.TaxLogger - Interest u/s 234C: 0.0
2025-12-29 18:45:06 [main] DEBUG com.incometaxcalculator.util.TaxLogger - Total Interest: 222395.66399999996
2025-12-29 18:45:06 [main] DEBUG com.incometaxcalculator.util.TaxLogger - Total Tax Payable: 2799320.8
2025-12-29 18:45:06 [main] DEBUG com.incometaxcalculator.util.TaxLogger - -----------------------------------------
2026-01-02 14:22:34 [main] DEBUG com.incometaxcalculator.util.TaxLogger - --------------------
2026-01-02 14:22:34 [main] DEBUG com.incometaxcalculator.util.TaxLogger - Payee: Saarthak
2026-01-02 14:22:34 [main] DEBUG com.incometaxcalculator.util.TaxLogger - Assessment Year: 2025-2026
2026-01-02 14:22:34 [main] DEBUG com.incometaxcalculator.util.TaxLogger - Regime Type: NEW
2026-01-02 14:22:34 [main] DEBUG com.incometaxcalculator.util.TaxLogger - Total Income Declared: 1.0E7
2026-01-02 14:22:34 [main] DEBUG com.incometaxcalculator.util.TaxLogger - Filing Date: 2025-09-05
2026-01-02 14:22:34 [main] DEBUG com.incometaxcalculator.util.TaxLogger - Advance Tax Entries Found: 4
2026-01-02 14:22:34 [main] DEBUG com.incometaxcalculator.interestcalculator.Section234AInterestCalculator - totaling all the interests 
2026-01-02 14:22:34 [main] DEBUG com.incometaxcalculator.interestcalculator.Section234AInterestCalculator - --------------------
2026-01-02 14:22:34 [main] DEBUG com.incometaxcalculator.interestcalculator.Section234AInterestCalculator - entering into calculateInterest for 234A
2026-01-02 14:22:34 [main] DEBUG com.incometaxcalculator.interestcalculator.Section234AInterestCalculator - Due Date : 2025-07-31
2026-01-02 14:22:34 [main] DEBUG com.incometaxcalculator.interestcalculator.Section234AInterestCalculator - diffInMonths: 2
2026-01-02 14:22:34 [main] INFO  com.incometaxcalculator.interestcalculator.Section234AInterestCalculator - Filing date is after due date, hence Section234A interest is applicable.
2026-01-02 14:22:34 [main] DEBUG com.incometaxcalculator.interestcalculator.Section234AInterestCalculator - Total Interest to pay under 234A is : 55986.416
2026-01-02 14:22:34 [main] DEBUG com.incometaxcalculator.interestcalculator.Section234AInterestCalculator - Exiting calculateInterest of 234A
2026-01-02 14:22:34 [main] DEBUG com.incometaxcalculator.interestcalculator.Section234AInterestCalculator - --------------------
2026-01-02 14:22:34 [main] DEBUG com.incometaxcalculator.interestcalculator.Section234BInterestCalculator - --------------------
2026-01-02 14:22:34 [main] DEBUG com.incometaxcalculator.interestcalculator.Section234BInterestCalculator - entering into calculateinterest
2026-01-02 14:22:34 [main] DEBUG com.incometaxcalculator.interestcalculator.Section234BInterestCalculator - Advance tax in order : [AdvanceTax{advanceTax=10000.0, advanceTaxPaidDate='2024-09-11'}, AdvanceTax{advanceTax=10000.0, advanceTaxPaidDate='2025-03-31'}, AdvanceTax{advanceTax=5000.0, advanceTaxPaidDate='2025-05-30'}, AdvanceTax{advanceTax=5000.0, advanceTaxPaidDate='2025-06-02'}]
2026-01-02 14:22:34 [main] DEBUG com.incometaxcalculator.interestcalculator.Section234BInterestCalculator - Financial Year End Date : 2025-03-31
2026-01-02 14:22:34 [main] DEBUG com.incometaxcalculator.interestcalculator.Section234BInterestCalculator - Advance tax paid during financial year : 20000.0
2026-01-02 14:22:34 [main] INFO  com.incometaxcalculator.interestcalculator.Section234BInterestCalculator - 90% tax not paid before 31st march of financial year, hence Section234B interest is applicable.
2026-01-02 14:22:34 [main] DEBUG com.incometaxcalculator.interestcalculator.Section234BInterestCalculator - Initial short fall : 2779320.8
2026-01-02 14:22:34 [main] DEBUG com.incometaxcalculator.interestcalculator.Section234BInterestCalculator - Month: 2025-04 | Interest: 27793.208 | Based on Shortfall: 2779320.8
2026-01-02 14:22:34 [main] DEBUG com.incometaxcalculator.interestcalculator.Section234BInterestCalculator - Month: 2025-05 | Interest: 27793.208 | Based on Shortfall: 2779320.8
2026-01-02 14:22:34 [main] DEBUG com.incometaxcalculator.interestcalculator.Section234BInterestCalculator -    -> Payment detected: 5000.0 in 2025-05. Reduced Shortfall for next month: 2774320.8
2026-01-02 14:22:34 [main] DEBUG com.incometaxcalculator.interestcalculator.Section234BInterestCalculator - Month: 2025-06 | Interest: 27743.208 | Based on Shortfall: 2774320.8
2026-01-02 14:22:34 [main] DEBUG com.incometaxcalculator.interestcalculator.Section234BInterestCalculator -    -> Payment detected: 5000.0 in 2025-06. Reduced Shortfall for next month: 2769320.8
2026-01-02 14:22:34 [main] DEBUG com.incometaxcalculator.interestcalculator.Section234BInterestCalculator - Month: 2025-07 | Interest: 27693.208 | Based on Shortfall: 2769320.8
2026-01-02 14:22:34 [main] DEBUG com.incometaxcalculator.interestcalculator.Section234BInterestCalculator - Month: 2025-08 | Interest: 27693.208 | Based on Shortfall: 2769320.8
2026-01-02 14:22:34 [main] DEBUG com.incometaxcalculator.interestcalculator.Section234BInterestCalculator - Month: 2025-09 | Interest: 27693.208 | Based on Shortfall: 2769320.8
2026-01-02 14:22:34 [main] DEBUG com.incometaxcalculator.interestcalculator.Section234BInterestCalculator - Total Interest to pay : 166409.24799999996
2026-01-02 14:22:34 [main] DEBUG com.incometaxcalculator.interestcalculator.Section234BInterestCalculator - Exiting calculateinterest
2026-01-02 14:22:34 [main] DEBUG com.incometaxcalculator.interestcalculator.Section234BInterestCalculator - --------------------
2026-01-02 14:22:34 [main] DEBUG com.incometaxcalculator.interestcalculator.Section234AInterestCalculator - Total interest is  com.incometaxcalculator.model.Interest@544d57e
2026-01-02 14:22:34 [main] DEBUG com.incometaxcalculator.util.TaxLogger - --------------------
2026-01-02 14:22:34 [main] DEBUG com.incometaxcalculator.util.TaxLogger - Taxable Income: 9969000.0
2026-01-02 14:22:34 [main] DEBUG com.incometaxcalculator.util.TaxLogger - Basic Income Tax: 2390700.0
2026-01-02 14:22:34 [main] DEBUG com.incometaxcalculator.util.TaxLogger - Surcharge: 245570.0
2026-01-02 14:22:34 [main] DEBUG com.incometaxcalculator.util.TaxLogger - Health & Education Cess: 108050.8
2026-01-02 14:22:34 [main] DEBUG com.incometaxcalculator.util.TaxLogger - Interest u/s 234A: 55986.416
2026-01-02 14:22:34 [main] DEBUG com.incometaxcalculator.util.TaxLogger - Interest u/s 234B: 166409.24799999996
2026-01-02 14:22:34 [main] DEBUG com.incometaxcalculator.util.TaxLogger - Interest u/s 234C: 0.0
2026-01-02 14:22:34 [main] DEBUG com.incometaxcalculator.util.TaxLogger - Total Interest: 222395.66399999996
2026-01-02 14:22:34 [main] DEBUG com.incometaxcalculator.util.TaxLogger - Total Tax Payable: 2799320.8
2026-01-02 14:22:34 [main] DEBUG com.incometaxcalculator.util.TaxLogger - -----------------------------------------
2026-01-02 14:56:03 [main] DEBUG com.incometaxcalculator.util.TaxLogger - --------------------
2026-01-02 14:56:03 [main] DEBUG com.incometaxcalculator.util.TaxLogger - Payee: Saarthak
2026-01-02 14:56:03 [main] DEBUG com.incometaxcalculator.util.TaxLogger - Assessment Year: 2025-2026
2026-01-02 14:56:03 [main] DEBUG com.incometaxcalculator.util.TaxLogger - Regime Type: NEW
2026-01-02 14:56:03 [main] DEBUG com.incometaxcalculator.util.TaxLogger - Total Income Declared: 1.0E7
2026-01-02 14:56:03 [main] DEBUG com.incometaxcalculator.util.TaxLogger - Filing Date: 2025-09-05
2026-01-02 14:56:03 [main] DEBUG com.incometaxcalculator.util.TaxLogger - Advance Tax Entries Found: 4
2026-01-02 15:00:40 [main] DEBUG com.incometaxcalculator.util.TaxLogger - --------------------
2026-01-02 15:00:40 [main] DEBUG com.incometaxcalculator.util.TaxLogger - Payee: Saarthak
2026-01-02 15:00:40 [main] DEBUG com.incometaxcalculator.util.TaxLogger - Assessment Year: 2025-2026
2026-01-02 15:00:40 [main] DEBUG com.incometaxcalculator.util.TaxLogger - Regime Type: NEW
2026-01-02 15:00:40 [main] DEBUG com.incometaxcalculator.util.TaxLogger - Total Income Declared: 1.0E7
2026-01-02 15:00:40 [main] DEBUG com.incometaxcalculator.util.TaxLogger - Filing Date: 2025-09-05
2026-01-02 15:00:40 [main] DEBUG com.incometaxcalculator.util.TaxLogger - Advance Tax Entries Found: 4
2026-01-02 15:00:40 [main] ERROR com.incometaxcalculator.taxcalculator.TaxCalculator - Got exception while validating input: 
2026-01-02 15:00:40 [main] DEBUG com.incometaxcalculator.interestcalculator.Section234AInterestCalculator - totaling all the interests 
2026-01-02 15:00:40 [main] DEBUG com.incometaxcalculator.interestcalculator.Section234AInterestCalculator - --------------------
2026-01-02 15:00:40 [main] DEBUG com.incometaxcalculator.interestcalculator.Section234AInterestCalculator - entering into calculateInterest for 234A
2026-01-02 15:00:40 [main] DEBUG com.incometaxcalculator.interestcalculator.Section234AInterestCalculator - Due Date : 2025-07-31
2026-01-02 15:00:40 [main] DEBUG com.incometaxcalculator.interestcalculator.Section234AInterestCalculator - diffInMonths: 2
2026-01-02 15:00:40 [main] INFO  com.incometaxcalculator.interestcalculator.Section234AInterestCalculator - Filing date is after due date, hence Section234A interest is applicable.
2026-01-02 15:00:40 [main] DEBUG com.incometaxcalculator.interestcalculator.Section234AInterestCalculator - Total Interest to pay under 234A is : 55986.416
2026-01-02 15:00:40 [main] DEBUG com.incometaxcalculator.interestcalculator.Section234AInterestCalculator - Exiting calculateInterest of 234A
2026-01-02 15:00:40 [main] DEBUG com.incometaxcalculator.interestcalculator.Section234AInterestCalculator - --------------------
2026-01-02 15:00:40 [main] DEBUG com.incometaxcalculator.interestcalculator.Section234BInterestCalculator - --------------------
2026-01-02 15:00:40 [main] DEBUG com.incometaxcalculator.interestcalculator.Section234BInterestCalculator - entering into calculateinterest
2026-01-02 15:00:40 [main] DEBUG com.incometaxcalculator.interestcalculator.Section234BInterestCalculator - Advance tax in order : [AdvanceTax{advanceTax=10000.0, advanceTaxPaidDate='2024-09-11'}, AdvanceTax{advanceTax=10000.0, advanceTaxPaidDate='2025-03-31'}, AdvanceTax{advanceTax=5000.0, advanceTaxPaidDate='2025-05-30'}, AdvanceTax{advanceTax=5000.0, advanceTaxPaidDate='2025-06-02'}]
2026-01-02 15:00:40 [main] DEBUG com.incometaxcalculator.interestcalculator.Section234BInterestCalculator - Financial Year End Date : 2025-03-31
2026-01-02 15:00:40 [main] DEBUG com.incometaxcalculator.interestcalculator.Section234BInterestCalculator - Advance tax paid during financial year : 20000.0
2026-01-02 15:00:40 [main] INFO  com.incometaxcalculator.interestcalculator.Section234BInterestCalculator - 90% tax not paid before 31st march of financial year, hence Section234B interest is applicable.
2026-01-02 15:00:40 [main] DEBUG com.incometaxcalculator.interestcalculator.Section234BInterestCalculator - Initial short fall : 2779320.8
2026-01-02 15:00:40 [main] DEBUG com.incometaxcalculator.interestcalculator.Section234BInterestCalculator - Month: 2025-04 | Interest: 27793.208 | Based on Shortfall: 2779320.8
2026-01-02 15:00:40 [main] DEBUG com.incometaxcalculator.interestcalculator.Section234BInterestCalculator - Month: 2025-05 | Interest: 27793.208 | Based on Shortfall: 2779320.8
2026-01-02 15:00:40 [main] DEBUG com.incometaxcalculator.interestcalculator.Section234BInterestCalculator -    -> Payment detected: 5000.0 in 2025-05. Reduced Shortfall for next month: 2774320.8
2026-01-02 15:00:40 [main] DEBUG com.incometaxcalculator.interestcalculator.Section234BInterestCalculator - Month: 2025-06 | Interest: 27743.208 | Based on Shortfall: 2774320.8
2026-01-02 15:00:40 [main] DEBUG com.incometaxcalculator.interestcalculator.Section234BInterestCalculator -    -> Payment detected: 5000.0 in 2025-06. Reduced Shortfall for next month: 2769320.8
2026-01-02 15:00:40 [main] DEBUG com.incometaxcalculator.interestcalculator.Section234BInterestCalculator - Month: 2025-07 | Interest: 27693.208 | Based on Shortfall: 2769320.8
2026-01-02 15:00:40 [main] DEBUG com.incometaxcalculator.interestcalculator.Section234BInterestCalculator - Month: 2025-08 | Interest: 27693.208 | Based on Shortfall: 2769320.8
2026-01-02 15:00:40 [main] DEBUG com.incometaxcalculator.interestcalculator.Section234BInterestCalculator - Month: 2025-09 | Interest: 27693.208 | Based on Shortfall: 2769320.8
2026-01-02 15:00:40 [main] DEBUG com.incometaxcalculator.interestcalculator.Section234BInterestCalculator - Total Interest to pay : 166409.24799999996
2026-01-02 15:00:40 [main] DEBUG com.incometaxcalculator.interestcalculator.Section234BInterestCalculator - Exiting calculateinterest
2026-01-02 15:00:40 [main] DEBUG com.incometaxcalculator.interestcalculator.Section234BInterestCalculator - --------------------
2026-01-02 15:00:40 [main] DEBUG com.incometaxcalculator.interestcalculator.Section234AInterestCalculator - Total interest is  com.incometaxcalculator.model.Interest@52af26ee
2026-01-02 15:00:40 [main] DEBUG com.incometaxcalculator.util.TaxLogger - --------------------
2026-01-02 15:00:40 [main] DEBUG com.incometaxcalculator.util.TaxLogger - Taxable Income: 9969000.0
2026-01-02 15:00:40 [main] DEBUG com.incometaxcalculator.util.TaxLogger - Basic Income Tax: 2390700.0
2026-01-02 15:00:40 [main] DEBUG com.incometaxcalculator.util.TaxLogger - Surcharge: 245570.0
2026-01-02 15:00:40 [main] DEBUG com.incometaxcalculator.util.TaxLogger - Health & Education Cess: 108050.8
2026-01-02 15:00:40 [main] DEBUG com.incometaxcalculator.util.TaxLogger - Interest u/s 234A: 55986.416
2026-01-02 15:00:40 [main] DEBUG com.incometaxcalculator.util.TaxLogger - Interest u/s 234B: 166409.24799999996
2026-01-02 15:00:40 [main] DEBUG com.incometaxcalculator.util.TaxLogger - Interest u/s 234C: 0.0
2026-01-02 15:00:40 [main] DEBUG com.incometaxcalculator.util.TaxLogger - Total Interest: 222395.66399999996
2026-01-02 15:00:40 [main] DEBUG com.incometaxcalculator.util.TaxLogger - Total Tax Payable: 2799320.8
2026-01-02 15:00:40 [main] DEBUG com.incometaxcalculator.util.TaxLogger - -----------------------------------------
2026-01-02 15:01:47 [main] DEBUG com.incometaxcalculator.util.TaxLogger - --------------------
2026-01-02 15:01:47 [main] DEBUG com.incometaxcalculator.util.TaxLogger - Payee: Saarthak
2026-01-02 15:01:47 [main] DEBUG com.incometaxcalculator.util.TaxLogger - Assessment Year: 2025-2026
2026-01-02 15:01:47 [main] DEBUG com.incometaxcalculator.util.TaxLogger - Regime Type: NEW
2026-01-02 15:01:47 [main] DEBUG com.incometaxcalculator.util.TaxLogger - Total Income Declared: 1.0E7
2026-01-02 15:01:47 [main] DEBUG com.incometaxcalculator.util.TaxLogger - Filing Date: 2025-09-05
2026-01-02 15:01:47 [main] DEBUG com.incometaxcalculator.util.TaxLogger - Advance Tax Entries Found: 4
2026-01-02 15:01:47 [main] ERROR com.incometaxcalculator.taxcalculator.TaxCalculator - Got exception while validating input: 
2026-01-02 15:01:47 [main] DEBUG com.incometaxcalculator.util.TaxLogger - --------------------
2026-01-02 15:01:47 [main] DEBUG com.incometaxcalculator.util.TaxLogger - Taxable Income: 0.0
2026-01-02 15:01:47 [main] DEBUG com.incometaxcalculator.util.TaxLogger - Basic Income Tax: 0.0
2026-01-02 15:01:47 [main] DEBUG com.incometaxcalculator.util.TaxLogger - Surcharge: 0.0
2026-01-02 15:01:47 [main] DEBUG com.incometaxcalculator.util.TaxLogger - Health & Education Cess: 0.0
2026-01-02 15:02:07 [main] DEBUG com.incometaxcalculator.util.TaxLogger - --------------------
2026-01-02 15:02:07 [main] DEBUG com.incometaxcalculator.util.TaxLogger - Payee: Saarthak
2026-01-02 15:02:07 [main] DEBUG com.incometaxcalculator.util.TaxLogger - Assessment Year: 2025-2026
2026-01-02 15:02:07 [main] DEBUG com.incometaxcalculator.util.TaxLogger - Regime Type: NEW
2026-01-02 15:02:07 [main] DEBUG com.incometaxcalculator.util.TaxLogger - Total Income Declared: 1.0E7
2026-01-02 15:02:07 [main] DEBUG com.incometaxcalculator.util.TaxLogger - Filing Date: 2025-09-05
2026-01-02 15:02:07 [main] DEBUG com.incometaxcalculator.util.TaxLogger - Advance Tax Entries Found: 4
2026-01-02 15:02:07 [main] ERROR com.incometaxcalculator.taxcalculator.TaxCalculator - Got exception while validating input: 
2026-01-02 15:02:07 [main] DEBUG com.incometaxcalculator.util.TaxLogger - --------------------
2026-01-02 15:02:07 [main] DEBUG com.incometaxcalculator.util.TaxLogger - Taxable Income: 0.0
2026-01-02 15:02:07 [main] DEBUG com.incometaxcalculator.util.TaxLogger - Basic Income Tax: 0.0
2026-01-02 15:02:07 [main] DEBUG com.incometaxcalculator.util.TaxLogger - Surcharge: 0.0
2026-01-02 15:02:07 [main] DEBUG com.incometaxcalculator.util.TaxLogger - Health & Education Cess: 0.0
2026-01-02 15:03:19 [main] DEBUG com.incometaxcalculator.util.TaxLogger - --------------------
2026-01-02 15:03:19 [main] DEBUG com.incometaxcalculator.util.TaxLogger - Payee: Saarthak
2026-01-02 15:03:19 [main] DEBUG com.incometaxcalculator.util.TaxLogger - Assessment Year: 2025-2026
2026-01-02 15:03:19 [main] DEBUG com.incometaxcalculator.util.TaxLogger - Regime Type: NEW
2026-01-02 15:03:19 [main] DEBUG com.incometaxcalculator.util.TaxLogger - Total Income Declared: 1.0E7
2026-01-02 15:03:19 [main] DEBUG com.incometaxcalculator.util.TaxLogger - Filing Date: 2025-09-05
2026-01-02 15:03:19 [main] DEBUG com.incometaxcalculator.util.TaxLogger - Advance Tax Entries Found: 4
2026-01-02 15:03:19 [main] ERROR com.incometaxcalculator.taxcalculator.TaxCalculator - Got exception while validating input: 
2026-01-02 15:03:30 [main] DEBUG com.incometaxcalculator.util.TaxLogger - --------------------
2026-01-02 15:03:30 [main] DEBUG com.incometaxcalculator.util.TaxLogger - Payee: Saarthak
2026-01-02 15:03:30 [main] DEBUG com.incometaxcalculator.util.TaxLogger - Assessment Year: 2025-2026
2026-01-02 15:03:30 [main] DEBUG com.incometaxcalculator.util.TaxLogger - Regime Type: NEW
2026-01-02 15:03:30 [main] DEBUG com.incometaxcalculator.util.TaxLogger - Total Income Declared: 1.0E7
2026-01-02 15:03:30 [main] DEBUG com.incometaxcalculator.util.TaxLogger - Filing Date: 2025-09-05
2026-01-02 15:03:30 [main] DEBUG com.incometaxcalculator.util.TaxLogger - Advance Tax Entries Found: 4
2026-01-02 15:03:30 [main] ERROR com.incometaxcalculator.taxcalculator.TaxCalculator - Got exception while validating input: 
2026-01-02 15:03:30 [main] DEBUG com.incometaxcalculator.util.TaxLogger - --------------------
2026-01-02 15:03:30 [main] DEBUG com.incometaxcalculator.util.TaxLogger - Taxable Income: 0.0
2026-01-02 15:03:30 [main] DEBUG com.incometaxcalculator.util.TaxLogger - Basic Income Tax: 0.0
2026-01-02 15:03:30 [main] DEBUG com.incometaxcalculator.util.TaxLogger - Surcharge: 0.0
2026-01-02 15:03:30 [main] DEBUG com.incometaxcalculator.util.TaxLogger - Health & Education Cess: 0.0
2026-01-02 15:04:27 [main] DEBUG com.incometaxcalculator.util.TaxLogger - --------------------
2026-01-02 15:04:27 [main] DEBUG com.incometaxcalculator.util.TaxLogger - Payee: Saarthak
2026-01-02 15:04:27 [main] DEBUG com.incometaxcalculator.util.TaxLogger - Assessment Year: 2025-2026
2026-01-02 15:04:27 [main] DEBUG com.incometaxcalculator.util.TaxLogger - Regime Type: NEW
2026-01-02 15:04:27 [main] DEBUG com.incometaxcalculator.util.TaxLogger - Total Income Declared: 1.0E7
2026-01-02 15:04:27 [main] DEBUG com.incometaxcalculator.util.TaxLogger - Filing Date: 2025-09-05
2026-01-02 15:04:27 [main] DEBUG com.incometaxcalculator.util.TaxLogger - Advance Tax Entries Found: 4
2026-01-02 15:04:27 [main] ERROR com.incometaxcalculator.taxcalculator.TaxCalculator - Got exception while validating input: 
2026-01-02 15:04:27 [main] ERROR com.incometaxcalculator.util.TaxLogger - Attempted to log null TaxDetails.
2026-01-02 15:04:46 [main] DEBUG com.incometaxcalculator.util.TaxLogger - --------------------
2026-01-02 15:04:46 [main] DEBUG com.incometaxcalculator.util.TaxLogger - Payee: Saarthak
2026-01-02 15:04:46 [main] DEBUG com.incometaxcalculator.util.TaxLogger - Assessment Year: 2025-2026
2026-01-02 15:04:46 [main] DEBUG com.incometaxcalculator.util.TaxLogger - Regime Type: NEW
2026-01-02 15:04:46 [main] DEBUG com.incometaxcalculator.util.TaxLogger - Total Income Declared: 1.0E7
2026-01-02 15:04:46 [main] DEBUG com.incometaxcalculator.util.TaxLogger - Filing Date: 2025-09-05
2026-01-02 15:04:46 [main] DEBUG com.incometaxcalculator.util.TaxLogger - Advance Tax Entries Found: 4
2026-01-02 15:04:46 [main] ERROR com.incometaxcalculator.taxcalculator.TaxCalculator - Got exception while validating input: 
2026-01-02 15:04:46 [main] ERROR com.incometaxcalculator.util.TaxLogger - Attempted to log null TaxDetails.
2026-01-02 15:08:05 [main] DEBUG com.incometaxcalculator.util.TaxLogger - --------------------
2026-01-02 15:08:05 [main] DEBUG com.incometaxcalculator.util.TaxLogger - Payee: Saarthak
2026-01-02 15:08:05 [main] DEBUG com.incometaxcalculator.util.TaxLogger - Assessment Year: 2025-2026
2026-01-02 15:08:05 [main] DEBUG com.incometaxcalculator.util.TaxLogger - Regime Type: NEW
2026-01-02 15:08:05 [main] DEBUG com.incometaxcalculator.util.TaxLogger - Total Income Declared: 1.0E7
2026-01-02 15:08:05 [main] DEBUG com.incometaxcalculator.util.TaxLogger - Filing Date: 2025-09-05
2026-01-02 15:08:05 [main] DEBUG com.incometaxcalculator.util.TaxLogger - Advance Tax Entries Found: 4
2026-01-02 15:08:05 [main] ERROR com.incometaxcalculator.taxcalculator.TaxCalculator - Got exception while validating input: 
2026-01-02 15:08:05 [main] ERROR com.incometaxcalculator.util.TaxLogger - Attempted to log null TaxDetails.
2026-01-02 15:08:05 [main] INFO  com.incometaxcalculator.util.IncomeTaxUtil - null
2026-01-02 15:10:09 [main] DEBUG com.incometaxcalculator.util.TaxLogger - --------------------
2026-01-02 15:10:09 [main] DEBUG com.incometaxcalculator.util.TaxLogger - Payee: Saarthak
2026-01-02 15:10:09 [main] DEBUG com.incometaxcalculator.util.TaxLogger - Assessment Year: 2025-2026
2026-01-02 15:10:09 [main] DEBUG com.incometaxcalculator.util.TaxLogger - Regime Type: NEW
2026-01-02 15:10:09 [main] DEBUG com.incometaxcalculator.util.TaxLogger - Total Income Declared: 1.0E7
2026-01-02 15:10:09 [main] DEBUG com.incometaxcalculator.util.TaxLogger - Filing Date: 2025-09-05
2026-01-02 15:10:09 [main] DEBUG com.incometaxcalculator.util.TaxLogger - Advance Tax Entries Found: 4
2026-01-02 15:10:09 [main] ERROR com.incometaxcalculator.taxcalculator.TaxCalculator - Got exception while validating input: 
2026-01-02 15:10:09 [main] ERROR com.incometaxcalculator.util.TaxLogger - Attempted to log null TaxDetails.
2026-01-02 15:46:40 [main] DEBUG com.incometaxcalculator.util.TaxLogger - --------------------
2026-01-02 15:46:40 [main] DEBUG com.incometaxcalculator.util.TaxLogger - Payee: Saarthak
2026-01-02 15:46:40 [main] DEBUG com.incometaxcalculator.util.TaxLogger - Assessment Year: 2025-2026
2026-01-02 15:46:40 [main] DEBUG com.incometaxcalculator.util.TaxLogger - Regime Type: NEW
2026-01-02 15:46:40 [main] DEBUG com.incometaxcalculator.util.TaxLogger - Total Income Declared: 1.0E7
2026-01-02 15:46:40 [main] DEBUG com.incometaxcalculator.util.TaxLogger - Filing Date: 2025-09-05
2026-01-02 15:46:40 [main] DEBUG com.incometaxcalculator.util.TaxLogger - Advance Tax Entries Found: 4
2026-01-02 15:46:40 [main] DEBUG com.incometaxcalculator.interestcalculator.Section234AInterestCalculator - totaling all the interests 
2026-01-02 15:46:40 [main] DEBUG com.incometaxcalculator.interestcalculator.Section234AInterestCalculator - --------------------
2026-01-02 15:46:40 [main] DEBUG com.incometaxcalculator.interestcalculator.Section234AInterestCalculator - entering into calculateInterest for 234A
2026-01-02 15:46:40 [main] DEBUG com.incometaxcalculator.interestcalculator.Section234AInterestCalculator - Due Date : 2025-07-31
2026-01-02 15:46:40 [main] DEBUG com.incometaxcalculator.interestcalculator.Section234AInterestCalculator - diffInMonths: 2
2026-01-02 15:46:40 [main] INFO  com.incometaxcalculator.interestcalculator.Section234AInterestCalculator - Filing date is after due date, hence Section234A interest is applicable.
2026-01-02 15:46:40 [main] DEBUG com.incometaxcalculator.interestcalculator.Section234AInterestCalculator - Total Interest to pay under 234A is : 55986.416
2026-01-02 15:46:40 [main] DEBUG com.incometaxcalculator.interestcalculator.Section234AInterestCalculator - Exiting calculateInterest of 234A
2026-01-02 15:46:40 [main] DEBUG com.incometaxcalculator.interestcalculator.Section234AInterestCalculator - --------------------
2026-01-02 15:46:40 [main] DEBUG com.incometaxcalculator.interestcalculator.Section234BInterestCalculator - --------------------
2026-01-02 15:46:40 [main] DEBUG com.incometaxcalculator.interestcalculator.Section234BInterestCalculator - entering into calculateinterest
2026-01-02 15:46:40 [main] DEBUG com.incometaxcalculator.interestcalculator.Section234BInterestCalculator - Advance tax in order : [AdvanceTax{advanceTax=10000.0, advanceTaxPaidDate='2024-09-11'}, AdvanceTax{advanceTax=10000.0, advanceTaxPaidDate='2025-03-31'}, AdvanceTax{advanceTax=5000.0, advanceTaxPaidDate='2025-05-30'}, AdvanceTax{advanceTax=5000.0, advanceTaxPaidDate='2025-06-02'}]
2026-01-02 15:46:40 [main] DEBUG com.incometaxcalculator.interestcalculator.Section234BInterestCalculator - Financial Year End Date : 2025-03-31
2026-01-02 15:46:40 [main] DEBUG com.incometaxcalculator.interestcalculator.Section234BInterestCalculator - Advance tax paid during financial year : 20000.0
2026-01-02 15:46:40 [main] INFO  com.incometaxcalculator.interestcalculator.Section234BInterestCalculator - 90% tax not paid before 31st march of financial year, hence Section234B interest is applicable.
2026-01-02 15:46:40 [main] DEBUG com.incometaxcalculator.interestcalculator.Section234BInterestCalculator - Initial short fall : 2779320.8
2026-01-02 15:46:40 [main] DEBUG com.incometaxcalculator.interestcalculator.Section234BInterestCalculator - Month: 2025-04 | Interest: 27793.208 | Based on Shortfall: 2779320.8
2026-01-02 15:46:40 [main] DEBUG com.incometaxcalculator.interestcalculator.Section234BInterestCalculator - Month: 2025-05 | Interest: 27793.208 | Based on Shortfall: 2779320.8
2026-01-02 15:46:40 [main] DEBUG com.incometaxcalculator.interestcalculator.Section234BInterestCalculator -    -> Payment detected: 5000.0 in 2025-05. Reduced Shortfall for next month: 2774320.8
2026-01-02 15:46:40 [main] DEBUG com.incometaxcalculator.interestcalculator.Section234BInterestCalculator - Month: 2025-06 | Interest: 27743.208 | Based on Shortfall: 2774320.8
2026-01-02 15:46:40 [main] DEBUG com.incometaxcalculator.interestcalculator.Section234BInterestCalculator -    -> Payment detected: 5000.0 in 2025-06. Reduced Shortfall for next month: 2769320.8
2026-01-02 15:46:40 [main] DEBUG com.incometaxcalculator.interestcalculator.Section234BInterestCalculator - Month: 2025-07 | Interest: 27693.208 | Based on Shortfall: 2769320.8
2026-01-02 15:46:40 [main] DEBUG com.incometaxcalculator.interestcalculator.Section234BInterestCalculator - Month: 2025-08 | Interest: 27693.208 | Based on Shortfall: 2769320.8
2026-01-02 15:46:40 [main] DEBUG com.incometaxcalculator.interestcalculator.Section234BInterestCalculator - Month: 2025-09 | Interest: 27693.208 | Based on Shortfall: 2769320.8
2026-01-02 15:46:40 [main] DEBUG com.incometaxcalculator.interestcalculator.Section234BInterestCalculator - Total Interest to pay : 166409.24799999996
2026-01-02 15:46:40 [main] DEBUG com.incometaxcalculator.interestcalculator.Section234BInterestCalculator - Exiting calculateinterest
2026-01-02 15:46:40 [main] DEBUG com.incometaxcalculator.interestcalculator.Section234BInterestCalculator - --------------------
2026-01-02 15:46:40 [main] DEBUG com.incometaxcalculator.interestcalculator.Section234AInterestCalculator - Total interest is  com.incometaxcalculator.model.Interest@306e95ec
2026-01-02 15:46:40 [main] DEBUG com.incometaxcalculator.util.TaxLogger - --------------------
2026-01-02 15:46:40 [main] DEBUG com.incometaxcalculator.util.TaxLogger - Taxable Income: 9969000.0
2026-01-02 15:46:40 [main] DEBUG com.incometaxcalculator.util.TaxLogger - Basic Income Tax: 2390700.0
2026-01-02 15:46:40 [main] DEBUG com.incometaxcalculator.util.TaxLogger - Surcharge: 245570.0
2026-01-02 15:46:40 [main] DEBUG com.incometaxcalculator.util.TaxLogger - Health & Education Cess: 108050.8
2026-01-02 15:46:40 [main] DEBUG com.incometaxcalculator.util.TaxLogger - Interest u/s 234A: 55986.416
2026-01-02 15:46:40 [main] DEBUG com.incometaxcalculator.util.TaxLogger - Interest u/s 234B: 166409.24799999996
2026-01-02 15:46:40 [main] DEBUG com.incometaxcalculator.util.TaxLogger - Interest u/s 234C: 0.0
2026-01-02 15:46:40 [main] DEBUG com.incometaxcalculator.util.TaxLogger - Total Interest: 222395.66399999996
2026-01-02 15:46:40 [main] DEBUG com.incometaxcalculator.util.TaxLogger - Total Tax Payable: 2799320.8
2026-01-02 15:46:40 [main] DEBUG com.incometaxcalculator.util.TaxLogger - -----------------------------------------
2026-01-02 15:46:40 [main] INFO  com.incometaxcalculator.util.IncomeTaxUtil - Name:                Saarthak
PAN:                 XXXXXX5432
Regime:              NEW

Income:                                            10,000,000.00
IncomeFromInterest:                                12,000.00
Rebate for Interest:                               10,000.00
                                                   ----------------
Total Income:                                      10,002,000.00
IncomeFromOtherSources:                            32,000.00
                                                   ----------------
Total Income:                                      10,034,000.00
Taxable Income(After Standard Deduction):          9,969,000.00
Tax Due:                                           2,390,700.00
Short Term Capital Gain:                           40,000.00
                                                   ----------------
Total stcg due                                     40,000.00
Long Term Capital Gain:                            25,000.00
                                                   ----------------
Total Tax:                                         2,455,700.00
Surcharge (10.0 %):                                245,570.00
                                                   ----------------
                                                   2,701,270.00
HE Cess (@4%):                                     108,050.80
                                                   ----------------
                                                   2,809,320.80
TDS:                                               10,000.00
                                                   ----------------
                                                   2,799,320.80
Advance Tax:                                       0.00
                                                   ----------------
                                                   2,799,320.80
Interest from 234A:                                55,986.42
Interest from 234B:                                166,409.25
Interest from 234C:                                0.00
Interest:                                          222,395.66
                                                   ----------------
                                                   3,021,716.46
Tax Payable:                                       3,021,716.46

